section,spot_index,obs_name,cluster,Y,Combined_Clusters_annotation,Combined_Clusters,RNA_Clusters,ATAC_Clusters,Sample,stage
dataset4,0,ACTTAACCTTATCCGG-1,6,0,Cartilage_2,6,11,5,E11_0-S1,E11.0
dataset4,1,TCCTACCATCCTACCA-1,6,3,Mesenchyme,8,11,4,E11_0-S1,E11.0
dataset4,2,TCTGATACTGCGGACC-1,9,6,Primary_brain_1,2,6,11,E11_0-S1,E11.0
dataset4,3,TAGAATTACTAAGAGA-1,6,0,Cartilage_2,6,10,5,E11_0-S1,E11.0
dataset4,4,TGAGTCTGGGTACTGC-1,9,7,Primary_brain_2,12,1,13,E11_0-S1,E11.0
dataset4,5,TCTGATACAGAACGTC-1,0,6,Primary_brain_1,2,6,11,E11_0-S1,E11.0
dataset4,6,AGAACGTCTGGTCAGC-1,4,5,Muscle,5,13,5,E11_0-S1,E11.0
dataset4,7,GCAGGTCCCGACGCGA-1,6,0,Cartilage_2,6,11,5,E11_0-S1,E11.0
dataset4,8,TGCCGGCAAGAGCTAT-1,0,3,Mesenchyme,8,12,13,E11_0-S1,E11.0
dataset4,9,TCGGCCTTAAGAAGCT-1,6,0,Cartilage_2,6,12,5,E11_0-S1,E11.0
dataset4,10,TTACCGAGTAGAGTAA-1,9,7,Primary_brain_2,12,1,11,E11_0-S1,E11.0
dataset4,11,TTATTCATGACCTTGA-1,0,3,Mesenchyme,8,12,13,E11_0-S1,E11.0
dataset4,12,CTTGCGCCTGGTCAGC-1,6,5,Muscle,5,13,5,E11_0-S1,E11.0
dataset4,13,GCGTTGGAAATTAAGA-1,6,0,Cartilage_2,6,10,4,E11_0-S1,E11.0
dataset4,14,CTAAGAGAACTTAACC-1,9,6,Primary_brain_1,2,6,12,E11_0-S1,E11.0
dataset4,15,GCGTTGGAGATACGGA-1,0,3,Mesenchyme,8,12,13,E11_0-S1,E11.0
dataset4,16,GCGTTGGAAAGAAGCT-1,0,3,Mesenchyme,8,12,13,E11_0-S1,E11.0
dataset4,17,GACCTTGACGACGCGA-1,6,0,Cartilage_2,6,10,5,E11_0-S1,E11.0
dataset4,18,GCCGCAACGCCGCAAC-1,9,7,Primary_brain_2,12,1,11,E11_0-S1,E11.0
dataset4,19,TGGTCAGCTAGAATTA-1,9,2,Diencephalon_and_hindbrain,13,4,11,E11_0-S1,E11.0
dataset4,20,TCGGCCTTAGAACGTC-1,6,0,Cartilage_2,6,10,5,E11_0-S1,E11.0
dataset4,21,ATCATATTGGTACTGC-1,0,3,Mesenchyme,8,11,13,E11_0-S1,E11.0
dataset4,22,GACCTTGAACTATGCA-1,6,0,Cartilage_2,6,10,5,E11_0-S1,E11.0
dataset4,23,TCCTACCAACTTAACC-1,0,6,Primary_brain_1,2,12,12,E11_0-S1,E11.0
dataset4,24,CGAACGCCAATTAAGA-1,6,0,Cartilage_2,6,10,5,E11_0-S1,E11.0
dataset4,25,TCCTACCATGAGTCTG-1,0,3,Mesenchyme,8,12,4,E11_0-S1,E11.0
dataset4,26,TGCGGACCTAGAGTAA-1,0,3,Mesenchyme,8,11,13,E11_0-S1,E11.0
dataset4,27,CCGAGAATCTAAGAGA-1,9,3,Mesenchyme,8,12,13,E11_0-S1,E11.0
dataset4,28,TTGACTTCTCCGGCCT-1,0,3,Mesenchyme,8,12,13,E11_0-S1,E11.0
dataset4,29,GATCTTACAGAACGTC-1,9,6,Primary_brain_1,2,6,12,E11_0-S1,E11.0
dataset4,30,GCTAACTTTTGACTTC-1,0,3,Mesenchyme,8,12,4,E11_0-S1,E11.0
dataset4,31,ACTATGCAGATCTTAC-1,9,6,Primary_brain_1,2,6,11,E11_0-S1,E11.0
dataset4,32,CGAACGCCTGCGGACC-1,6,0,Cartilage_2,6,11,5,E11_0-S1,E11.0
dataset4,33,GCGTTGGATGAGTCTG-1,6,3,Mesenchyme,8,11,4,E11_0-S1,E11.0
dataset4,34,TAGAATTACCGAGAAT-1,6,0,Cartilage_2,6,10,5,E11_0-S1,E11.0
dataset4,35,GACCTTGATCCTACCA-1,6,3,Mesenchyme,8,12,4,E11_0-S1,E11.0
dataset4,36,TCTGATACACGGAGGC-1,6,0,Cartilage_2,6,11,4,E11_0-S1,E11.0
dataset4,37,GCCATTCTGAAGATCG-1,0,3,Mesenchyme,8,12,13,E11_0-S1,E11.0
dataset4,38,AGAACGTCGACCTTGA-1,6,0,Cartilage_2,6,11,5,E11_0-S1,E11.0
dataset4,39,GGCTGAGCATCATATT-1,6,0,Cartilage_2,6,10,5,E11_0-S1,E11.0
dataset4,40,TGCCGGCATAGAGTAA-1,9,7,Primary_brain_2,12,1,11,E11_0-S1,E11.0
dataset4,41,CTGATGGTTAGATCTA-1,6,3,Mesenchyme,8,11,13,E11_0-S1,E11.0
dataset4,42,GATCTTACGATCTTAC-1,6,3,Mesenchyme,8,10,4,E11_0-S1,E11.0
dataset4,43,ACGGAGGCCTAAGAGA-1,0,3,Mesenchyme,8,12,13,E11_0-S1,E11.0
dataset4,44,ACTCAATATAGATCTA-1,0,3,Mesenchyme,8,12,13,E11_0-S1,E11.0
dataset4,45,AGAGCTATTTGACTTC-1,6,0,Cartilage_2,6,10,5,E11_0-S1,E11.0
dataset4,46,CCGAGAATTCCTACCA-1,6,3,Mesenchyme,8,11,13,E11_0-S1,E11.0
dataset4,47,CTAAGAGATAGAATTA-1,6,3,Mesenchyme,8,12,4,E11_0-S1,E11.0
dataset4,48,CTAAGAGACCGAGAAT-1,6,0,Cartilage_2,6,10,5,E11_0-S1,E11.0
dataset4,49,TCCGGCCTTAGAATTA-1,0,6,Primary_brain_1,2,6,11,E11_0-S1,E11.0
dataset4,50,CAACCGCTGATACGGA-1,6,0,Cartilage_2,6,11,5,E11_0-S1,E11.0
dataset4,51,GCGTTGGAGCCATTCT-1,6,3,Mesenchyme,8,11,13,E11_0-S1,E11.0
dataset4,52,ACTCAATAGCCGCAAC-1,0,3,Mesenchyme,8,9,13,E11_0-S1,E11.0
dataset4,53,GCAGGTCCGACCTTGA-1,9,0,Cartilage_2,6,11,4,E11_0-S1,E11.0
dataset4,54,TGAGTCTGCCGAGAAT-1,9,7,Primary_brain_2,12,1,11,E11_0-S1,E11.0
dataset4,55,TGAGTCTGCGACGCGA-1,9,6,Primary_brain_1,2,6,13,E11_0-S1,E11.0
dataset4,56,ACGGAGGCGCAGGTCC-1,9,3,Mesenchyme,8,1,13,E11_0-S1,E11.0
dataset4,57,GCCATTCTTCCTACCA-1,6,0,Cartilage_2,6,10,5,E11_0-S1,E11.0
dataset4,58,TCCTACCATGCGGACC-1,0,3,Mesenchyme,8,12,4,E11_0-S1,E11.0
dataset4,59,CCGAGAATCCAGTTCC-1,9,6,Primary_brain_1,2,6,12,E11_0-S1,E11.0
dataset4,60,GCGTTGGAGCCGCAAC-1,6,3,Mesenchyme,8,11,13,E11_0-S1,E11.0
dataset4,61,TTACCGAGCTAAGAGA-1,0,3,Mesenchyme,8,12,13,E11_0-S1,E11.0
dataset4,62,CCGAGAATTGGTCAGC-1,9,7,Primary_brain_2,12,1,11,E11_0-S1,E11.0
dataset4,63,GCCATTCTTCCGGCCT-1,0,3,Mesenchyme,8,12,13,E11_0-S1,E11.0
dataset4,64,GCGTTGGACTGATGGT-1,6,3,Mesenchyme,8,10,5,E11_0-S1,E11.0
dataset4,65,ATAAGGAGACTATGCA-1,6,0,Cartilage_2,6,10,5,E11_0-S1,E11.0
dataset4,66,TTGACTTCACTATGCA-1,0,3,Mesenchyme,8,11,13,E11_0-S1,E11.0
dataset4,67,TAGAATTAAGAGCTAT-1,6,0,Cartilage_2,6,10,5,E11_0-S1,E11.0
dataset4,68,ACTCAATATGGTCAGC-1,0,3,Mesenchyme,8,12,13,E11_0-S1,E11.0
dataset4,69,CTGATGGTACTTAACC-1,0,6,Primary_brain_1,2,6,12,E11_0-S1,E11.0
dataset4,70,ACTTAACCGCCATTCT-1,6,3,Mesenchyme,8,12,4,E11_0-S1,E11.0
dataset4,71,GCAGGTCCCTTGCGCC-1,6,0,Cartilage_2,6,10,5,E11_0-S1,E11.0
dataset4,72,GCCATTCTTGAGTCTG-1,6,0,Cartilage_2,6,10,5,E11_0-S1,E11.0
dataset4,73,CTGATGGTTTATTCAT-1,6,2,Diencephalon_and_hindbrain,13,3,10,E11_0-S1,E11.0
dataset4,74,TTGACTTCTGGTCAGC-1,6,3,Mesenchyme,8,11,13,E11_0-S1,E11.0
dataset4,75,TCCTACCATGGTCAGC-1,0,3,Mesenchyme,8,12,13,E11_0-S1,E11.0
dataset4,76,CGAACGCCTGCCGGCA-1,6,0,Cartilage_2,6,9,5,E11_0-S1,E11.0
dataset4,77,TTACCGAGCTTGCGCC-1,0,2,Diencephalon_and_hindbrain,13,1,13,E11_0-S1,E11.0
dataset4,78,AGAGCTATCCAGTTCC-1,9,6,Primary_brain_1,2,6,12,E11_0-S1,E11.0
dataset4,79,AGAGCTATTTATTCAT-1,6,0,Cartilage_2,6,10,4,E11_0-S1,E11.0
dataset4,80,GATCTTACCTGATGGT-1,6,3,Mesenchyme,8,10,4,E11_0-S1,E11.0
dataset4,81,GAAGATCGCCGAGAAT-1,6,4,Midbrain,14,11,13,E11_0-S1,E11.0
dataset4,82,ACCGCCAATGGTCAGC-1,6,0,Cartilage_2,6,10,5,E11_0-S1,E11.0
dataset4,83,TAGAATTATGCCGGCA-1,6,0,Cartilage_2,6,10,5,E11_0-S1,E11.0
dataset4,84,GCCATTCTGCCGCAAC-1,6,0,Cartilage_2,6,10,5,E11_0-S1,E11.0
dataset4,85,ACGGAGGCTAGAATTA-1,9,7,Primary_brain_2,12,1,11,E11_0-S1,E11.0
dataset4,86,ATAAGGAGTTATTCAT-1,6,0,Cartilage_2,6,10,5,E11_0-S1,E11.0
dataset4,87,TTGACTTCCTGATGGT-1,6,0,Cartilage_2,6,10,5,E11_0-S1,E11.0
dataset4,88,GATCTTACTTACCGAG-1,6,3,Mesenchyme,8,11,13,E11_0-S1,E11.0
dataset4,89,CTGATGGTTTGACTTC-1,6,3,Mesenchyme,8,11,13,E11_0-S1,E11.0
dataset4,90,GCCGCAACAGAGCTAT-1,0,3,Mesenchyme,8,12,13,E11_0-S1,E11.0
dataset4,91,CGAACGCCATCATATT-1,6,0,Cartilage_2,6,10,5,E11_0-S1,E11.0
dataset4,92,AGAGCTATAGAACGTC-1,9,2,Diencephalon_and_hindbrain,13,7,10,E11_0-S1,E11.0
dataset4,93,AGAACGTCACTTAACC-1,6,0,Cartilage_2,6,11,5,E11_0-S1,E11.0
dataset4,94,CATACTCCCTTGCGCC-1,0,6,Primary_brain_1,2,6,11,E11_0-S1,E11.0
dataset4,95,TGCCGGCAGCAGGTCC-1,9,7,Primary_brain_2,12,1,11,E11_0-S1,E11.0
dataset4,96,GACCTTGACTAAGAGA-1,6,3,Mesenchyme,8,12,4,E11_0-S1,E11.0
dataset4,97,TAGAATTACCAGTTCC-1,0,0,Cartilage_2,6,11,5,E11_0-S1,E11.0
dataset4,98,AAGAAGCTAGAACGTC-1,0,3,Mesenchyme,8,12,13,E11_0-S1,E11.0
dataset4,99,TTACCGAGCCGAGAAT-1,9,6,Primary_brain_1,2,6,11,E11_0-S1,E11.0
dataset4,100,CTTGCGCCTGCCGGCA-1,6,0,Cartilage_2,6,10,5,E11_0-S1,E11.0
dataset4,101,TCGGCCTTACTATGCA-1,6,5,Muscle,5,13,5,E11_0-S1,E11.0
dataset4,102,ACTATGCACTAAGAGA-1,9,6,Primary_brain_1,2,6,11,E11_0-S1,E11.0
dataset4,103,CCAGTTCCAGAACGTC-1,6,0,Cartilage_2,6,10,5,E11_0-S1,E11.0
dataset4,104,GATCTTACACTTAACC-1,9,6,Primary_brain_1,2,6,12,E11_0-S1,E11.0
dataset4,105,TCCTACCACAACCGCT-1,0,6,Primary_brain_1,2,12,12,E11_0-S1,E11.0
dataset4,106,TCTGATACTGAGTCTG-1,9,6,Primary_brain_1,2,6,11,E11_0-S1,E11.0
dataset4,107,ACCGCCAAGCCATTCT-1,6,3,Mesenchyme,8,12,13,E11_0-S1,E11.0
dataset4,108,TGCCGGCACTTGCGCC-1,0,3,Mesenchyme,8,11,13,E11_0-S1,E11.0
dataset4,109,GCAGGTCCGATACGGA-1,6,0,Cartilage_2,6,11,5,E11_0-S1,E11.0
dataset4,110,TAGAATTATCGGCCTT-1,6,0,Cartilage_2,6,11,4,E11_0-S1,E11.0
dataset4,111,GCTAACTTACTCAATA-1,0,3,Mesenchyme,8,12,13,E11_0-S1,E11.0
dataset4,112,CGACGCGAGCCATTCT-1,9,6,Primary_brain_1,2,6,11,E11_0-S1,E11.0
dataset4,113,CCGAGAATACTTAACC-1,9,6,Primary_brain_1,2,6,12,E11_0-S1,E11.0
dataset4,114,TGCCGGCAGCCATTCT-1,0,3,Mesenchyme,8,12,13,E11_0-S1,E11.0
dataset4,115,GCCATTCTGATACGGA-1,6,3,Mesenchyme,8,11,4,E11_0-S1,E11.0
dataset4,116,TGCGGACCGACCTTGA-1,0,3,Mesenchyme,8,12,13,E11_0-S1,E11.0
dataset4,117,CGAACGCCGCAGGTCC-1,6,0,Cartilage_2,6,11,5,E11_0-S1,E11.0
dataset4,118,TAGAATTACTTGCGCC-1,6,0,Cartilage_2,6,10,5,E11_0-S1,E11.0
dataset4,119,TTACCGAGTCCTACCA-1,0,3,Mesenchyme,8,12,13,E11_0-S1,E11.0
dataset4,120,TTGACTTCCTAAGAGA-1,6,0,Cartilage_2,6,10,5,E11_0-S1,E11.0
dataset4,121,CTGATGGTCTGATGGT-1,9,3,Mesenchyme,8,11,13,E11_0-S1,E11.0
dataset4,122,CTAAGAGATGCCGGCA-1,6,3,Mesenchyme,8,11,4,E11_0-S1,E11.0
dataset4,123,TGGTCAGCGCGTTGGA-1,9,6,Primary_brain_1,2,6,11,E11_0-S1,E11.0
dataset4,124,CTTGCGCCACTCAATA-1,6,0,Cartilage_2,6,10,5,E11_0-S1,E11.0
dataset4,125,AAGAAGCTGGTACTGC-1,0,6,Primary_brain_1,2,12,11,E11_0-S1,E11.0
dataset4,126,ACTTAACCCGAACGCC-1,9,7,Primary_brain_2,12,1,11,E11_0-S1,E11.0
dataset4,127,AGAGAAGGTCCTACCA-1,0,3,Mesenchyme,8,12,13,E11_0-S1,E11.0
dataset4,128,GACCTTGAGGTACTGC-1,0,2,Diencephalon_and_hindbrain,13,12,13,E11_0-S1,E11.0
dataset4,129,CATACTCCGCCATTCT-1,0,3,Mesenchyme,8,6,13,E11_0-S1,E11.0
dataset4,130,ACTTAACCACTATGCA-1,6,0,Cartilage_2,6,10,5,E11_0-S1,E11.0
dataset4,131,AGAGCTATTTACCGAG-1,6,3,Mesenchyme,8,11,13,E11_0-S1,E11.0
dataset4,132,CGAACGCCTGGTCAGC-1,6,0,Cartilage_2,6,10,5,E11_0-S1,E11.0
dataset4,133,TCCGGCCTGCCGCAAC-1,0,0,Cartilage_2,6,12,13,E11_0-S1,E11.0
dataset4,134,TGCGGACCACTTAACC-1,0,3,Mesenchyme,8,12,13,E11_0-S1,E11.0
dataset4,135,GGTACTGCTAGAGTAA-1,6,3,Mesenchyme,8,11,13,E11_0-S1,E11.0
dataset4,136,ATAAGGAGCCAGTTCC-1,6,5,Muscle,5,13,5,E11_0-S1,E11.0
dataset4,137,GCCATTCTTCTGATAC-1,6,3,Mesenchyme,8,11,4,E11_0-S1,E11.0
dataset4,138,CCGAGAATGATACGGA-1,9,7,Primary_brain_2,12,1,11,E11_0-S1,E11.0
dataset4,139,TTGACTTCTTATCCGG-1,6,3,Mesenchyme,8,11,13,E11_0-S1,E11.0
dataset4,140,ACCGCCAAAGAGCTAT-1,6,3,Mesenchyme,8,12,13,E11_0-S1,E11.0
dataset4,141,TGCCGGCAGGTACTGC-1,0,3,Mesenchyme,8,4,13,E11_0-S1,E11.0
dataset4,142,CCGAGAATAGAGCTAT-1,9,3,Mesenchyme,8,12,13,E11_0-S1,E11.0
dataset4,143,TAGAATTATGCGGACC-1,6,0,Cartilage_2,6,10,5,E11_0-S1,E11.0
dataset4,144,GCCGCAACGCGTTGGA-1,0,3,Mesenchyme,8,12,13,E11_0-S1,E11.0
dataset4,145,ATCATATTGCAGGTCC-1,9,7,Primary_brain_2,12,1,11,E11_0-S1,E11.0
dataset4,146,CCGAGAATTCTGATAC-1,9,7,Primary_brain_2,12,1,11,E11_0-S1,E11.0
dataset4,147,CTAAGAGAGCCATTCT-1,6,0,Cartilage_2,6,10,4,E11_0-S1,E11.0
dataset4,148,GATCTTACACGGAGGC-1,6,3,Mesenchyme,8,11,4,E11_0-S1,E11.0
dataset4,149,AGAACGTCTTATTCAT-1,6,0,Cartilage_2,6,11,5,E11_0-S1,E11.0
dataset4,150,TGAGTCTGGAAGATCG-1,0,3,Mesenchyme,8,6,11,E11_0-S1,E11.0
dataset4,151,GCAGGTCCTAGAATTA-1,6,0,Cartilage_2,6,10,5,E11_0-S1,E11.0
dataset4,152,TAGATCTACTTGCGCC-1,0,7,Primary_brain_2,12,1,13,E11_0-S1,E11.0
dataset4,153,CCGAGAATTGCCGGCA-1,9,7,Primary_brain_2,12,1,13,E11_0-S1,E11.0
dataset4,154,TTATTCATGGTACTGC-1,0,3,Mesenchyme,8,11,13,E11_0-S1,E11.0
dataset4,155,AAGAAGCTTGAGTCTG-1,0,3,Mesenchyme,8,11,13,E11_0-S1,E11.0
dataset4,156,CCGAGAATACGGAGGC-1,9,7,Primary_brain_2,12,1,11,E11_0-S1,E11.0
dataset4,157,CTAAGAGATAGAGTAA-1,9,6,Primary_brain_1,2,6,12,E11_0-S1,E11.0
dataset4,158,GCGTTGGAGATCTTAC-1,6,3,Mesenchyme,8,10,4,E11_0-S1,E11.0
dataset4,159,CCGATTCCTGGTCAGC-1,6,0,Cartilage_2,6,10,5,E11_0-S1,E11.0
dataset4,160,TAGAATTATCTGATAC-1,6,0,Cartilage_2,6,11,4,E11_0-S1,E11.0
dataset4,161,AGAACGTCTCCGGCCT-1,0,3,Mesenchyme,8,12,13,E11_0-S1,E11.0
dataset4,162,TGCCGGCACAACCGCT-1,6,0,Cartilage_2,6,12,5,E11_0-S1,E11.0
dataset4,163,CGAACGCCAGAGCTAT-1,0,3,Mesenchyme,8,12,13,E11_0-S1,E11.0
dataset4,164,TAGAATTAACTTAACC-1,6,0,Cartilage_2,6,11,5,E11_0-S1,E11.0
dataset4,165,TGGTCAGCGCAGGTCC-1,9,7,Primary_brain_2,12,1,11,E11_0-S1,E11.0
dataset4,166,ACTTAACCAGAGCTAT-1,0,3,Mesenchyme,8,12,13,E11_0-S1,E11.0
dataset4,167,GACCTTGAACTCAATA-1,0,3,Mesenchyme,8,12,4,E11_0-S1,E11.0
dataset4,168,CTAAGAGAAGAGAAGG-1,0,3,Mesenchyme,8,12,13,E11_0-S1,E11.0
dataset4,169,ATCATATTTAGAATTA-1,0,3,Mesenchyme,8,12,13,E11_0-S1,E11.0
dataset4,170,GAAGATCGCTTGCGCC-1,0,3,Mesenchyme,8,12,13,E11_0-S1,E11.0
dataset4,171,AGAGCTATCTAAGAGA-1,6,0,Cartilage_2,6,10,5,E11_0-S1,E11.0
dataset4,172,ACTCAATACCGAGAAT-1,0,3,Mesenchyme,8,11,13,E11_0-S1,E11.0
dataset4,173,TAGAATTATTACCGAG-1,6,0,Cartilage_2,6,10,5,E11_0-S1,E11.0
dataset4,174,GGTACTGCACTATGCA-1,6,0,Cartilage_2,6,10,4,E11_0-S1,E11.0
dataset4,175,CTTGCGCCACTATGCA-1,6,5,Muscle,5,10,4,E11_0-S1,E11.0
dataset4,176,CTAAGAGATTGACTTC-1,6,0,Cartilage_2,6,9,4,E11_0-S1,E11.0
dataset4,177,GCAGGTCCCCAGTTCC-1,9,6,Primary_brain_1,2,6,11,E11_0-S1,E11.0
dataset4,178,GCCGCAACCCAGTTCC-1,9,6,Primary_brain_1,2,6,12,E11_0-S1,E11.0
dataset4,179,CTTGCGCCAGAGCTAT-1,6,0,Cartilage_2,6,10,5,E11_0-S1,E11.0
dataset4,180,ACCGCCAATCCTACCA-1,0,3,Mesenchyme,8,12,13,E11_0-S1,E11.0
dataset4,181,ACTCAATAAAGAAGCT-1,0,3,Mesenchyme,8,12,13,E11_0-S1,E11.0
dataset4,182,GCCATTCTTTGACTTC-1,6,0,Cartilage_2,6,10,5,E11_0-S1,E11.0
dataset4,183,ACGGAGGCACTCAATA-1,0,3,Mesenchyme,8,12,13,E11_0-S1,E11.0
dataset4,184,GCCGCAACTCCTACCA-1,0,3,Mesenchyme,8,12,13,E11_0-S1,E11.0
dataset4,185,CCGATTCCTTACCGAG-1,6,0,Cartilage_2,6,10,5,E11_0-S1,E11.0
dataset4,186,GGTACTGCTGCCGGCA-1,6,0,Cartilage_2,6,10,5,E11_0-S1,E11.0
dataset4,187,ACTCAATACTTGCGCC-1,0,1,DPallm,11,1,13,E11_0-S1,E11.0
dataset4,188,GAAGATCGAGAACGTC-1,9,6,Primary_brain_1,2,6,13,E11_0-S1,E11.0
dataset4,189,CGAACGCCCAACCGCT-1,6,0,Cartilage_2,6,10,5,E11_0-S1,E11.0
dataset4,190,ACTTAACCCCAGTTCC-1,6,0,Cartilage_2,6,11,4,E11_0-S1,E11.0
dataset4,191,GCCGCAACGATACGGA-1,9,6,Primary_brain_1,2,6,11,E11_0-S1,E11.0
dataset4,192,GACCTTGACGAACGCC-1,0,0,Cartilage_2,6,6,11,E11_0-S1,E11.0
dataset4,193,GCCGCAACAGAACGTC-1,9,6,Primary_brain_1,2,6,12,E11_0-S1,E11.0
dataset4,194,TCCTACCAACGGAGGC-1,0,3,Mesenchyme,8,12,13,E11_0-S1,E11.0
dataset4,195,GACCTTGAGCGTTGGA-1,6,3,Mesenchyme,8,12,13,E11_0-S1,E11.0
dataset4,196,ACTCAATATTATCCGG-1,0,3,Mesenchyme,8,12,13,E11_0-S1,E11.0
dataset4,197,ACTTAACCACCGCCAA-1,6,0,Cartilage_2,6,6,4,E11_0-S1,E11.0
dataset4,198,ACGGAGGCTAGAGTAA-1,0,3,Mesenchyme,8,12,13,E11_0-S1,E11.0
dataset4,199,ACTTAACCCGACGCGA-1,6,0,Cartilage_2,6,10,5,E11_0-S1,E11.0
dataset4,200,AGAGCTATTGAGTCTG-1,6,0,Cartilage_2,6,10,5,E11_0-S1,E11.0
dataset4,201,CCGAGAATTGCGGACC-1,9,7,Primary_brain_2,12,1,11,E11_0-S1,E11.0
dataset4,202,GGTACTGCTTGACTTC-1,6,0,Cartilage_2,6,10,5,E11_0-S1,E11.0
dataset4,203,GCGTTGGATCCGGCCT-1,0,3,Mesenchyme,8,3,13,E11_0-S1,E11.0
dataset4,204,CGACGCGACTTGCGCC-1,9,6,Primary_brain_1,2,6,11,E11_0-S1,E11.0
dataset4,205,CTTGCGCCCGACGCGA-1,6,5,Muscle,5,13,5,E11_0-S1,E11.0
dataset4,206,TAGAATTATTATCCGG-1,6,5,Muscle,5,13,4,E11_0-S1,E11.0
dataset4,207,TGCCGGCAGCGTTGGA-1,0,3,Mesenchyme,8,12,13,E11_0-S1,E11.0
dataset4,208,CAACCGCTCTAAGAGA-1,9,3,Mesenchyme,8,12,4,E11_0-S1,E11.0
dataset4,209,CTTGCGCCGACCTTGA-1,6,0,Cartilage_2,6,11,5,E11_0-S1,E11.0
dataset4,210,TCCTACCATCGGCCTT-1,9,6,Primary_brain_1,2,6,12,E11_0-S1,E11.0
dataset4,211,GATCTTACCCAGTTCC-1,9,6,Primary_brain_1,2,6,12,E11_0-S1,E11.0
dataset4,212,TCCTACCAGATACGGA-1,0,3,Mesenchyme,8,12,13,E11_0-S1,E11.0
dataset4,213,GGTACTGCATCATATT-1,6,0,Cartilage_2,6,10,5,E11_0-S1,E11.0
dataset4,214,TTACCGAGGCCATTCT-1,0,3,Mesenchyme,8,12,13,E11_0-S1,E11.0
dataset4,215,GCCATTCTGCGTTGGA-1,6,0,Cartilage_2,6,10,5,E11_0-S1,E11.0
dataset4,216,TAGATCTATCGGCCTT-1,9,7,Primary_brain_2,12,1,11,E11_0-S1,E11.0
dataset4,217,CTAAGAGATGGTCAGC-1,0,3,Mesenchyme,8,11,13,E11_0-S1,E11.0
dataset4,218,TTGACTTCTCCTACCA-1,6,0,Cartilage_2,6,10,5,E11_0-S1,E11.0
dataset4,219,TGAGTCTGACTCAATA-1,0,3,Mesenchyme,8,12,13,E11_0-S1,E11.0
dataset4,220,TAGAATTAGATCTTAC-1,6,0,Cartilage_2,6,10,5,E11_0-S1,E11.0
dataset4,221,CTTGCGCCTTACCGAG-1,6,0,Cartilage_2,6,10,5,E11_0-S1,E11.0
dataset4,222,ATAAGGAGTAGATCTA-1,6,0,Cartilage_2,6,10,5,E11_0-S1,E11.0
dataset4,223,GATCTTACTGGTCAGC-1,9,2,Diencephalon_and_hindbrain,13,1,10,E11_0-S1,E11.0
dataset4,224,ACTATGCAAGAGCTAT-1,9,6,Primary_brain_1,2,6,11,E11_0-S1,E11.0
dataset4,225,AGAGCTATTGGTCAGC-1,6,3,Mesenchyme,8,11,13,E11_0-S1,E11.0
dataset4,226,GGCTGAGCGCCATTCT-1,6,3,Mesenchyme,8,12,13,E11_0-S1,E11.0
dataset4,227,CCAGTTCCTCGGCCTT-1,6,0,Cartilage_2,6,10,5,E11_0-S1,E11.0
dataset4,228,GCCATTCTGACCTTGA-1,9,7,Primary_brain_2,12,1,11,E11_0-S1,E11.0
dataset4,229,GCAGGTCCGCGTTGGA-1,6,3,Mesenchyme,8,12,13,E11_0-S1,E11.0
dataset4,230,ACTTAACCCCGATTCC-1,9,0,Cartilage_2,6,6,4,E11_0-S1,E11.0
dataset4,231,TCCGGCCTAGAACGTC-1,9,6,Primary_brain_1,2,6,11,E11_0-S1,E11.0
dataset4,232,GGCTGAGCTGCCGGCA-1,6,0,Cartilage_2,6,9,5,E11_0-S1,E11.0
dataset4,233,TGGTCAGCGGTACTGC-1,9,7,Primary_brain_2,12,1,11,E11_0-S1,E11.0
dataset4,234,ACTCAATATGCGGACC-1,0,3,Mesenchyme,8,12,13,E11_0-S1,E11.0
dataset4,235,CTAAGAGACTTGCGCC-1,0,3,Mesenchyme,8,4,13,E11_0-S1,E11.0
dataset4,236,ACTTAACCGATACGGA-1,6,0,Cartilage_2,6,11,5,E11_0-S1,E11.0
dataset4,237,CCGATTCCTAGATCTA-1,6,0,Cartilage_2,6,10,5,E11_0-S1,E11.0
dataset4,238,ACTTAACCATCATATT-1,6,0,Cartilage_2,6,10,5,E11_0-S1,E11.0
dataset4,239,GGCTGAGCACTCAATA-1,6,3,Mesenchyme,8,12,13,E11_0-S1,E11.0
dataset4,240,AGAGCTATAATTAAGA-1,6,0,Cartilage_2,6,10,5,E11_0-S1,E11.0
dataset4,241,GATACGGAGCAGGTCC-1,9,6,Primary_brain_1,2,6,11,E11_0-S1,E11.0
dataset4,242,ACTTAACCGGCTGAGC-1,9,7,Primary_brain_2,12,6,11,E11_0-S1,E11.0
dataset4,243,CAACCGCTGCGTTGGA-1,0,3,Mesenchyme,8,12,13,E11_0-S1,E11.0
dataset4,244,ACGGAGGCCCGAGAAT-1,9,6,Primary_brain_1,2,6,11,E11_0-S1,E11.0
dataset4,245,AGAGAAGGCTTGCGCC-1,9,6,Primary_brain_1,2,6,11,E11_0-S1,E11.0
dataset4,246,GCGTTGGAAGAACGTC-1,9,6,Primary_brain_1,2,6,12,E11_0-S1,E11.0
dataset4,247,TGCCGGCATCGGCCTT-1,9,7,Primary_brain_2,12,1,11,E11_0-S1,E11.0
dataset4,248,CCGATTCCTAGAATTA-1,0,3,Mesenchyme,8,12,13,E11_0-S1,E11.0
dataset4,249,AATTAAGAAGAGCTAT-1,0,3,Mesenchyme,8,12,13,E11_0-S1,E11.0
dataset4,250,ACTCAATAACGGAGGC-1,0,3,Mesenchyme,8,12,13,E11_0-S1,E11.0
dataset4,251,GCCATTCTCTAAGAGA-1,6,0,Cartilage_2,6,10,5,E11_0-S1,E11.0
dataset4,252,AGAGCTATATCATATT-1,6,3,Mesenchyme,8,11,13,E11_0-S1,E11.0
dataset4,253,TAGATCTAGGTACTGC-1,9,7,Primary_brain_2,12,1,13,E11_0-S1,E11.0
dataset4,254,CGAACGCCGGCTGAGC-1,6,0,Cartilage_2,6,11,5,E11_0-S1,E11.0
dataset4,255,AGAACGTCATCATATT-1,4,5,Muscle,5,13,5,E11_0-S1,E11.0
dataset4,256,TAGAATTATAGAGTAA-1,9,3,Mesenchyme,8,12,13,E11_0-S1,E11.0
dataset4,257,AGAGCTATCGACGCGA-1,6,3,Mesenchyme,8,11,13,E11_0-S1,E11.0
dataset4,258,TCTGATACGCAGGTCC-1,9,6,Primary_brain_1,2,6,11,E11_0-S1,E11.0
dataset4,259,ACTCAATAAGAGCTAT-1,0,3,Mesenchyme,8,12,13,E11_0-S1,E11.0
dataset4,260,CAACCGCTTGGTCAGC-1,6,0,Cartilage_2,6,10,5,E11_0-S1,E11.0
dataset4,261,CGAACGCCGACCTTGA-1,6,0,Cartilage_2,6,11,5,E11_0-S1,E11.0
dataset4,262,AGAACGTCAGAGCTAT-1,6,0,Cartilage_2,6,10,5,E11_0-S1,E11.0
dataset4,263,CCGATTCCGGCTGAGC-1,6,0,Cartilage_2,6,11,5,E11_0-S1,E11.0
dataset4,264,GCCATTCTGGTACTGC-1,6,0,Cartilage_2,6,10,5,E11_0-S1,E11.0
dataset4,265,TAGAGTAATTATTCAT-1,6,0,Cartilage_2,6,11,5,E11_0-S1,E11.0
dataset4,266,CTTGCGCCAAGAAGCT-1,0,3,Mesenchyme,8,12,13,E11_0-S1,E11.0
dataset4,267,CTAAGAGATAGATCTA-1,6,0,Cartilage_2,6,11,4,E11_0-S1,E11.0
dataset4,268,GGTACTGCTCCTACCA-1,6,0,Cartilage_2,6,10,5,E11_0-S1,E11.0
dataset4,269,GCAGGTCCGATCTTAC-1,0,3,Mesenchyme,8,12,13,E11_0-S1,E11.0
dataset4,270,CAACCGCTCGACGCGA-1,6,0,Cartilage_2,6,10,5,E11_0-S1,E11.0
dataset4,271,CCGATTCCGCCATTCT-1,6,3,Mesenchyme,8,12,13,E11_0-S1,E11.0
dataset4,272,TAGAGTAAGCAGGTCC-1,9,0,Cartilage_2,6,11,5,E11_0-S1,E11.0
dataset4,273,TAGAATTATAGATCTA-1,6,0,Cartilage_2,6,10,5,E11_0-S1,E11.0
dataset4,274,GCCATTCTTAGAGTAA-1,9,7,Primary_brain_2,12,1,11,E11_0-S1,E11.0
dataset4,275,ATCATATTCTTGCGCC-1,1,7,Primary_brain_2,12,1,10,E11_0-S1,E11.0
dataset4,276,CAACCGCTCGAACGCC-1,6,0,Cartilage_2,6,11,11,E11_0-S1,E11.0
dataset4,277,AGAACGTCTGCCGGCA-1,6,0,Cartilage_2,6,10,5,E11_0-S1,E11.0
dataset4,278,TAGAGTAAGACCTTGA-1,6,3,Mesenchyme,8,11,5,E11_0-S1,E11.0
dataset4,279,TCGGCCTTCTTGCGCC-1,6,0,Cartilage_2,6,10,5,E11_0-S1,E11.0
dataset4,280,TTATCCGGCCGAGAAT-1,9,6,Primary_brain_1,2,6,11,E11_0-S1,E11.0
dataset4,281,GGTACTGCTTATTCAT-1,6,0,Cartilage_2,6,10,5,E11_0-S1,E11.0
dataset4,282,CCGAGAATTAGAATTA-1,6,3,Mesenchyme,8,11,13,E11_0-S1,E11.0
dataset4,283,GCCATTCTCCGAGAAT-1,6,0,Cartilage_2,6,10,5,E11_0-S1,E11.0
dataset4,284,TTATTCATGCCATTCT-1,0,3,Mesenchyme,8,12,13,E11_0-S1,E11.0
dataset4,285,ACTCAATATTATTCAT-1,0,3,Mesenchyme,8,12,13,E11_0-S1,E11.0
dataset4,286,TGCGGACCAGAGCTAT-1,0,3,Mesenchyme,8,12,13,E11_0-S1,E11.0
dataset4,287,GATCTTACTCGGCCTT-1,9,6,Primary_brain_1,2,6,12,E11_0-S1,E11.0
dataset4,288,TCGGCCTTTAGAATTA-1,6,0,Cartilage_2,6,10,5,E11_0-S1,E11.0
dataset4,289,TTGACTTCGACCTTGA-1,9,6,Primary_brain_1,2,6,12,E11_0-S1,E11.0
dataset4,290,TGCGGACCGCCATTCT-1,9,7,Primary_brain_2,12,1,13,E11_0-S1,E11.0
dataset4,291,GGTACTGCTTACCGAG-1,6,0,Cartilage_2,6,10,5,E11_0-S1,E11.0
dataset4,292,ACTTAACCACTTAACC-1,6,0,Cartilage_2,6,10,5,E11_0-S1,E11.0
dataset4,293,TTGACTTCACGGAGGC-1,6,0,Cartilage_2,6,10,4,E11_0-S1,E11.0
dataset4,294,GCAGGTCCACCGCCAA-1,9,6,Primary_brain_1,2,6,11,E11_0-S1,E11.0
dataset4,295,TGGTCAGCTAGAGTAA-1,9,7,Primary_brain_2,12,1,11,E11_0-S1,E11.0
dataset4,296,CCGAGAATCCGAGAAT-1,9,3,Mesenchyme,8,11,13,E11_0-S1,E11.0
dataset4,297,TGCGGACCCTGATGGT-1,9,7,Primary_brain_2,12,1,11,E11_0-S1,E11.0
dataset4,298,CTGATGGTTGGTCAGC-1,9,7,Primary_brain_2,12,1,11,E11_0-S1,E11.0
dataset4,299,TCGGCCTTTTGACTTC-1,6,0,Cartilage_2,6,10,5,E11_0-S1,E11.0
dataset4,300,TGGTCAGCCTGATGGT-1,9,6,Primary_brain_1,2,6,11,E11_0-S1,E11.0
dataset4,301,ATAAGGAGTGGTCAGC-1,6,0,Cartilage_2,6,10,5,E11_0-S1,E11.0
dataset4,302,GCGTTGGATGCCGGCA-1,6,3,Mesenchyme,8,10,4,E11_0-S1,E11.0
dataset4,303,ATAAGGAGGGCTGAGC-1,6,3,Mesenchyme,8,12,5,E11_0-S1,E11.0
dataset4,304,AGAACGTCTAGAATTA-1,6,0,Cartilage_2,6,10,5,E11_0-S1,E11.0
dataset4,305,TTGACTTCTTATTCAT-1,6,3,Mesenchyme,8,10,4,E11_0-S1,E11.0
dataset4,306,CTAAGAGAACTATGCA-1,0,3,Mesenchyme,8,11,13,E11_0-S1,E11.0
dataset4,307,GGCTGAGCCGAACGCC-1,6,0,Cartilage_2,6,12,5,E11_0-S1,E11.0
dataset4,308,TTGACTTCTAGAGTAA-1,7,7,Primary_brain_2,12,1,11,E11_0-S1,E11.0
dataset4,309,TGAGTCTGTGCCGGCA-1,6,3,Mesenchyme,8,6,13,E11_0-S1,E11.0
dataset4,310,CGACGCGATTGACTTC-1,9,6,Primary_brain_1,2,6,11,E11_0-S1,E11.0
dataset4,311,TAGAATTAACGGAGGC-1,6,0,Cartilage_2,6,10,5,E11_0-S1,E11.0
dataset4,312,TCGGCCTTGACCTTGA-1,9,0,Cartilage_2,6,11,5,E11_0-S1,E11.0
dataset4,313,GCAGGTCCACTTAACC-1,9,6,Primary_brain_1,2,6,11,E11_0-S1,E11.0
dataset4,314,TCCTACCAACTATGCA-1,0,3,Mesenchyme,8,12,13,E11_0-S1,E11.0
dataset4,315,CAACCGCTCAACCGCT-1,6,3,Mesenchyme,8,11,4,E11_0-S1,E11.0
dataset4,316,AGAGCTATTAGAGTAA-1,9,6,Primary_brain_1,2,6,12,E11_0-S1,E11.0
dataset4,317,CAACCGCTTGCCGGCA-1,6,0,Cartilage_2,6,10,5,E11_0-S1,E11.0
dataset4,318,CATACTCCTTGACTTC-1,6,3,Mesenchyme,8,11,11,E11_0-S1,E11.0
dataset4,319,GATCTTACGCGTTGGA-1,6,3,Mesenchyme,8,10,4,E11_0-S1,E11.0
dataset4,320,GCCGCAACCTGATGGT-1,9,2,Diencephalon_and_hindbrain,13,4,13,E11_0-S1,E11.0
dataset4,321,CCAGTTCCACTATGCA-1,6,0,Cartilage_2,6,10,5,E11_0-S1,E11.0
dataset4,322,GACCTTGAACCGCCAA-1,9,6,Primary_brain_1,2,6,11,E11_0-S1,E11.0
dataset4,323,TAGAGTAAGGTACTGC-1,6,3,Mesenchyme,8,12,13,E11_0-S1,E11.0
dataset4,324,AGAACGTCTAGAGTAA-1,4,0,Cartilage_2,6,11,5,E11_0-S1,E11.0
dataset4,325,CAACCGCTTTATTCAT-1,6,0,Cartilage_2,6,10,5,E11_0-S1,E11.0
dataset4,326,CAACCGCTAGAGCTAT-1,6,3,Mesenchyme,8,12,13,E11_0-S1,E11.0
dataset4,327,ACCGCCAACTTGCGCC-1,6,0,Cartilage_2,6,10,5,E11_0-S1,E11.0
dataset4,328,ACTATGCATCGGCCTT-1,9,6,Primary_brain_1,2,1,11,E11_0-S1,E11.0
dataset4,329,ACTCAATAAGAACGTC-1,0,6,Primary_brain_1,2,6,13,E11_0-S1,E11.0
dataset4,330,TTATCCGGGATCTTAC-1,9,6,Primary_brain_1,2,6,11,E11_0-S1,E11.0
dataset4,331,ATCATATTTTGACTTC-1,0,3,Mesenchyme,8,12,13,E11_0-S1,E11.0
dataset4,332,CGAACGCCGCCATTCT-1,0,3,Mesenchyme,8,12,13,E11_0-S1,E11.0
dataset4,333,TAGAGTAACCAGTTCC-1,9,6,Primary_brain_1,2,6,11,E11_0-S1,E11.0
dataset4,334,CTGATGGTCTTGCGCC-1,9,6,Primary_brain_1,2,6,12,E11_0-S1,E11.0
dataset4,335,TCGGCCTTGAAGATCG-1,0,0,Cartilage_2,6,13,5,E11_0-S1,E11.0
dataset4,336,AGAGAAGGGCCATTCT-1,9,6,Primary_brain_1,2,6,11,E11_0-S1,E11.0
dataset4,337,AATTAAGATCCTACCA-1,0,3,Mesenchyme,8,12,13,E11_0-S1,E11.0
dataset4,338,ACTTAACCTAGATCTA-1,0,3,Mesenchyme,8,12,4,E11_0-S1,E11.0
dataset4,339,CCGATTCCGCAGGTCC-1,6,0,Cartilage_2,6,10,5,E11_0-S1,E11.0
dataset4,340,TTACCGAGCAACCGCT-1,0,0,Cartilage_2,6,1,5,E11_0-S1,E11.0
dataset4,341,CCGATTCCCGACGCGA-1,6,0,Cartilage_2,6,10,5,E11_0-S1,E11.0
dataset4,342,TAGAATTACTGATGGT-1,6,0,Cartilage_2,6,10,5,E11_0-S1,E11.0
dataset4,343,ACCGCCAACGACGCGA-1,6,0,Cartilage_2,6,10,5,E11_0-S1,E11.0
dataset4,344,ATCATATTCCGAGAAT-1,0,6,Primary_brain_1,2,6,11,E11_0-S1,E11.0
dataset4,345,TAGATCTAGCCATTCT-1,0,3,Mesenchyme,8,12,13,E11_0-S1,E11.0
dataset4,346,GCAGGTCCCCGATTCC-1,9,6,Primary_brain_1,2,6,11,E11_0-S1,E11.0
dataset4,347,GCCATTCTGCAGGTCC-1,0,3,Mesenchyme,8,11,13,E11_0-S1,E11.0
dataset4,348,GATCTTACACCGCCAA-1,9,6,Primary_brain_1,2,6,12,E11_0-S1,E11.0
dataset4,349,TCCTACCACGACGCGA-1,0,3,Mesenchyme,8,12,13,E11_0-S1,E11.0
dataset4,350,ACTTAACCGGTACTGC-1,6,0,Cartilage_2,6,11,5,E11_0-S1,E11.0
dataset4,351,CGAACGCCCCAGTTCC-1,4,5,Muscle,5,13,5,E11_0-S1,E11.0
dataset4,352,CGAACGCCCCGATTCC-1,6,0,Cartilage_2,6,11,5,E11_0-S1,E11.0
dataset4,353,GATCTTACGGTACTGC-1,9,7,Primary_brain_2,12,1,10,E11_0-S1,E11.0
dataset4,354,TTGACTTCAGAGCTAT-1,6,0,Cartilage_2,6,10,5,E11_0-S1,E11.0
dataset4,355,AGAGCTATTGCCGGCA-1,6,3,Mesenchyme,8,10,4,E11_0-S1,E11.0
dataset4,356,GGCTGAGCCTTGCGCC-1,6,0,Cartilage_2,6,10,5,E11_0-S1,E11.0
dataset4,357,GACCTTGATGCCGGCA-1,6,0,Cartilage_2,6,10,5,E11_0-S1,E11.0
dataset4,358,AGAGCTATTAGAATTA-1,6,0,Cartilage_2,6,11,4,E11_0-S1,E11.0
dataset4,359,ATCATATTGACCTTGA-1,9,7,Primary_brain_2,12,1,11,E11_0-S1,E11.0
dataset4,360,CAACCGCTACTTAACC-1,9,2,Diencephalon_and_hindbrain,13,3,10,E11_0-S1,E11.0
dataset4,361,AGAACGTCGCAGGTCC-1,6,0,Cartilage_2,6,10,5,E11_0-S1,E11.0
dataset4,362,GGTACTGCGCGTTGGA-1,6,0,Cartilage_2,6,10,5,E11_0-S1,E11.0
dataset4,363,ACTCAATATCTGATAC-1,0,3,Mesenchyme,8,12,13,E11_0-S1,E11.0
dataset4,364,TAGAATTACAACCGCT-1,0,3,Mesenchyme,8,12,13,E11_0-S1,E11.0
dataset4,365,GATCTTACAAGAAGCT-1,9,3,Mesenchyme,8,11,13,E11_0-S1,E11.0
dataset4,366,CCAGTTCCTGGTCAGC-1,6,0,Cartilage_2,6,10,5,E11_0-S1,E11.0
dataset4,367,CAACCGCTTCCTACCA-1,6,3,Mesenchyme,8,12,13,E11_0-S1,E11.0
dataset4,368,CGAACGCCTAGATCTA-1,6,0,Cartilage_2,6,10,5,E11_0-S1,E11.0
dataset4,369,GGCTGAGCGACCTTGA-1,0,0,Cartilage_2,6,11,5,E11_0-S1,E11.0
dataset4,370,GCTAACTTCTAAGAGA-1,0,3,Mesenchyme,8,12,13,E11_0-S1,E11.0
dataset4,371,GCCATTCTAGAGAAGG-1,0,3,Mesenchyme,8,12,13,E11_0-S1,E11.0
dataset4,372,GGTACTGCCTGATGGT-1,6,0,Cartilage_2,6,10,5,E11_0-S1,E11.0
dataset4,373,CAACCGCTTAGAGTAA-1,6,0,Cartilage_2,6,11,13,E11_0-S1,E11.0
dataset4,374,TTGACTTCTAGATCTA-1,6,3,Mesenchyme,8,10,4,E11_0-S1,E11.0
dataset4,375,CGACGCGAGGTACTGC-1,9,6,Primary_brain_1,2,6,11,E11_0-S1,E11.0
dataset4,376,ACTATGCATAGAATTA-1,9,7,Primary_brain_2,12,1,11,E11_0-S1,E11.0
dataset4,377,CGACGCGAGACCTTGA-1,0,7,Primary_brain_2,12,1,11,E11_0-S1,E11.0
dataset4,378,CTGATGGTTGCCGGCA-1,9,7,Primary_brain_2,12,1,10,E11_0-S1,E11.0
dataset4,379,CCGAGAATTAGATCTA-1,9,7,Primary_brain_2,12,1,11,E11_0-S1,E11.0
dataset4,380,AGAGCTATAAGAAGCT-1,0,3,Mesenchyme,8,12,13,E11_0-S1,E11.0
dataset4,381,TCCTACCACTGATGGT-1,0,3,Mesenchyme,8,12,4,E11_0-S1,E11.0
dataset4,382,CATACTCCGGTACTGC-1,0,3,Mesenchyme,8,12,13,E11_0-S1,E11.0
dataset4,383,GCTAACTTTAGAATTA-1,0,0,Cartilage_2,6,12,4,E11_0-S1,E11.0
dataset4,384,TCGGCCTTCAACCGCT-1,9,0,Cartilage_2,6,6,4,E11_0-S1,E11.0
dataset4,385,GCCGCAACCTAAGAGA-1,0,3,Mesenchyme,8,12,13,E11_0-S1,E11.0
dataset4,386,TGCGGACCGCAGGTCC-1,0,3,Mesenchyme,8,4,13,E11_0-S1,E11.0
dataset4,387,CCGAGAATTCGGCCTT-1,9,6,Primary_brain_1,2,6,13,E11_0-S1,E11.0
dataset4,388,GCAGGTCCACTATGCA-1,6,0,Cartilage_2,6,11,5,E11_0-S1,E11.0
dataset4,389,TAGAGTAAAGAACGTC-1,6,0,Cartilage_2,6,10,5,E11_0-S1,E11.0
dataset4,390,ACTTAACCACTCAATA-1,6,3,Mesenchyme,8,12,13,E11_0-S1,E11.0
dataset4,391,CTGATGGTACCGCCAA-1,6,6,Primary_brain_1,2,6,12,E11_0-S1,E11.0
dataset4,392,TGCGGACCGGTACTGC-1,9,7,Primary_brain_2,12,1,11,E11_0-S1,E11.0
dataset4,393,AATTAAGACTTGCGCC-1,0,3,Mesenchyme,8,12,13,E11_0-S1,E11.0
dataset4,394,CTGATGGTTGAGTCTG-1,9,3,Mesenchyme,8,11,13,E11_0-S1,E11.0
dataset4,395,TTATTCATGCGTTGGA-1,0,3,Mesenchyme,8,12,13,E11_0-S1,E11.0
dataset4,396,TTGACTTCTCGGCCTT-1,9,2,Diencephalon_and_hindbrain,13,3,10,E11_0-S1,E11.0
dataset4,397,GATCTTACGAAGATCG-1,9,2,Diencephalon_and_hindbrain,13,4,11,E11_0-S1,E11.0
dataset4,398,TAGATCTAAGAACGTC-1,9,7,Primary_brain_2,12,1,10,E11_0-S1,E11.0
dataset4,399,TAGAGTAATAGAGTAA-1,6,3,Mesenchyme,8,11,13,E11_0-S1,E11.0
dataset4,400,CGAACGCCTAGAATTA-1,0,3,Mesenchyme,8,12,13,E11_0-S1,E11.0
dataset4,401,CAACCGCTACTCAATA-1,6,3,Mesenchyme,8,12,4,E11_0-S1,E11.0
dataset4,402,TCGGCCTTCCAGTTCC-1,9,0,Cartilage_2,6,11,11,E11_0-S1,E11.0
dataset4,403,TTGACTTCATCATATT-1,0,3,Mesenchyme,8,11,13,E11_0-S1,E11.0
dataset4,404,ACTTAACCTGCCGGCA-1,6,0,Cartilage_2,6,10,5,E11_0-S1,E11.0
dataset4,405,TAGAATTATAGAATTA-1,6,0,Cartilage_2,6,10,5,E11_0-S1,E11.0
dataset4,406,TGGTCAGCTTGACTTC-1,9,7,Primary_brain_2,12,1,11,E11_0-S1,E11.0
dataset4,407,CCGATTCCTAGAGTAA-1,6,0,Cartilage_2,6,10,5,E11_0-S1,E11.0
dataset4,408,TCGGCCTTTCTGATAC-1,4,5,Muscle,5,13,5,E11_0-S1,E11.0
dataset4,409,AGAGAAGGGATCTTAC-1,0,3,Mesenchyme,8,12,10,E11_0-S1,E11.0
dataset4,410,CGAACGCCTTGACTTC-1,0,3,Mesenchyme,8,12,13,E11_0-S1,E11.0
dataset4,411,TTGACTTCCAACCGCT-1,9,6,Primary_brain_1,2,6,12,E11_0-S1,E11.0
dataset4,412,TAGAGTAAAGAGCTAT-1,0,3,Mesenchyme,8,12,13,E11_0-S1,E11.0
dataset4,413,CTAAGAGATTACCGAG-1,6,3,Mesenchyme,8,12,13,E11_0-S1,E11.0
dataset4,414,ACGGAGGCAGAGCTAT-1,0,3,Mesenchyme,8,12,13,E11_0-S1,E11.0
dataset4,415,CCAGTTCCAATTAAGA-1,6,3,Mesenchyme,8,12,13,E11_0-S1,E11.0
dataset4,416,TTACCGAGAGAGCTAT-1,0,3,Mesenchyme,8,12,13,E11_0-S1,E11.0
dataset4,417,TAGAGTAACGACGCGA-1,6,0,Cartilage_2,6,10,5,E11_0-S1,E11.0
dataset4,418,GGTACTGCAATTAAGA-1,6,0,Cartilage_2,6,10,5,E11_0-S1,E11.0
dataset4,419,GCCATTCTACGGAGGC-1,6,0,Cartilage_2,6,10,5,E11_0-S1,E11.0
dataset4,420,TCTGATACGCGTTGGA-1,0,6,Primary_brain_1,2,6,11,E11_0-S1,E11.0
dataset4,421,TGAGTCTGGATCTTAC-1,0,3,Mesenchyme,8,4,13,E11_0-S1,E11.0
dataset4,422,TCCTACCAATCATATT-1,0,3,Mesenchyme,8,12,4,E11_0-S1,E11.0
dataset4,423,TAGAATTATCCGGCCT-1,0,3,Mesenchyme,8,12,13,E11_0-S1,E11.0
dataset4,424,AGAACGTCACTATGCA-1,6,5,Muscle,5,13,4,E11_0-S1,E11.0
dataset4,425,CCGATTCCAGAGCTAT-1,6,3,Mesenchyme,8,12,13,E11_0-S1,E11.0
dataset4,426,TTGACTTCCCAGTTCC-1,6,0,Cartilage_2,6,11,4,E11_0-S1,E11.0
dataset4,427,ACTTAACCAATTAAGA-1,6,3,Mesenchyme,8,12,13,E11_0-S1,E11.0
dataset4,428,GCCGCAACACTTAACC-1,9,6,Primary_brain_1,2,6,12,E11_0-S1,E11.0
dataset4,429,TCTGATACTAGAGTAA-1,6,0,Cartilage_2,6,12,11,E11_0-S1,E11.0
dataset4,430,GGTACTGCCTAAGAGA-1,6,0,Cartilage_2,6,10,5,E11_0-S1,E11.0
dataset4,431,TCCTACCAAGAACGTC-1,9,6,Primary_brain_1,2,6,12,E11_0-S1,E11.0
dataset4,432,TCCGGCCTCCGAGAAT-1,9,6,Primary_brain_1,2,6,11,E11_0-S1,E11.0
dataset4,433,GACCTTGATTGACTTC-1,6,3,Mesenchyme,8,12,13,E11_0-S1,E11.0
dataset4,434,GAAGATCGTGCGGACC-1,6,3,Mesenchyme,8,12,13,E11_0-S1,E11.0
dataset4,435,CCGATTCCATCATATT-1,6,0,Cartilage_2,6,10,5,E11_0-S1,E11.0
dataset4,436,GGTACTGCGACCTTGA-1,0,3,Mesenchyme,8,11,4,E11_0-S1,E11.0
dataset4,437,ACTCAATAGCCATTCT-1,0,3,Mesenchyme,8,12,4,E11_0-S1,E11.0
dataset4,438,ACTCAATACAACCGCT-1,0,6,Primary_brain_1,2,12,12,E11_0-S1,E11.0
dataset4,439,CTTGCGCCTCCTACCA-1,6,0,Cartilage_2,6,10,5,E11_0-S1,E11.0
dataset4,440,CTTGCGCCTTGACTTC-1,6,0,Cartilage_2,6,10,5,E11_0-S1,E11.0
dataset4,441,TAGAATTAGCAGGTCC-1,0,3,Mesenchyme,8,11,13,E11_0-S1,E11.0
dataset4,442,GATCTTACTTATTCAT-1,6,0,Cartilage_2,6,10,4,E11_0-S1,E11.0
dataset4,443,ACTCAATATTACCGAG-1,0,3,Mesenchyme,8,12,13,E11_0-S1,E11.0
dataset4,444,TCCTACCAGCCATTCT-1,0,3,Mesenchyme,8,12,13,E11_0-S1,E11.0
dataset4,445,ATAAGGAGACTTAACC-1,6,5,Muscle,5,13,5,E11_0-S1,E11.0
dataset4,446,ACCGCCAATGCCGGCA-1,6,0,Cartilage_2,6,10,5,E11_0-S1,E11.0
dataset4,447,CTGATGGTTTATCCGG-1,9,7,Primary_brain_2,12,1,11,E11_0-S1,E11.0
dataset4,448,TCCTACCATGCCGGCA-1,0,3,Mesenchyme,8,11,4,E11_0-S1,E11.0
dataset4,449,ATAAGGAGTGCGGACC-1,6,0,Cartilage_2,6,10,5,E11_0-S1,E11.0
dataset4,450,CGACGCGAAGAGCTAT-1,9,6,Primary_brain_1,2,6,11,E11_0-S1,E11.0
dataset4,451,CTGATGGTGGTACTGC-1,9,7,Primary_brain_2,12,1,11,E11_0-S1,E11.0
dataset4,452,ATAAGGAGCGAACGCC-1,0,3,Mesenchyme,8,12,5,E11_0-S1,E11.0
dataset4,453,ACTCAATAGAAGATCG-1,0,3,Mesenchyme,8,12,13,E11_0-S1,E11.0
dataset4,454,CTTGCGCCTAGAGTAA-1,6,0,Cartilage_2,6,11,5,E11_0-S1,E11.0
dataset4,455,TCTGATACCCGAGAAT-1,9,6,Primary_brain_1,2,6,11,E11_0-S1,E11.0
dataset4,456,GCGTTGGACTAAGAGA-1,9,6,Primary_brain_1,2,6,12,E11_0-S1,E11.0
dataset4,457,TTGACTTCGCAGGTCC-1,7,7,Primary_brain_2,12,1,11,E11_0-S1,E11.0
dataset4,458,GCCGCAACTTATCCGG-1,9,6,Primary_brain_1,2,6,11,E11_0-S1,E11.0
dataset4,459,GCCATTCTTGGTCAGC-1,6,3,Mesenchyme,8,11,4,E11_0-S1,E11.0
dataset4,460,ATAAGGAGTAGAATTA-1,6,0,Cartilage_2,6,10,5,E11_0-S1,E11.0
dataset4,461,TGAGTCTGAAGAAGCT-1,0,3,Mesenchyme,8,12,5,E11_0-S1,E11.0
dataset4,462,ACCGCCAAGATACGGA-1,6,0,Cartilage_2,6,10,5,E11_0-S1,E11.0
dataset4,463,TAGAATTATTGACTTC-1,6,0,Cartilage_2,6,10,5,E11_0-S1,E11.0
dataset4,464,ACTATGCAGCGTTGGA-1,9,6,Primary_brain_1,2,6,11,E11_0-S1,E11.0
dataset4,465,ACTATGCAGGTACTGC-1,9,7,Primary_brain_2,12,1,11,E11_0-S1,E11.0
dataset4,466,GACCTTGACAACCGCT-1,9,3,Mesenchyme,8,11,4,E11_0-S1,E11.0
dataset4,467,TGCCGGCAACTCAATA-1,0,3,Mesenchyme,8,12,13,E11_0-S1,E11.0
dataset4,468,CTAAGAGAACGGAGGC-1,6,3,Mesenchyme,8,12,4,E11_0-S1,E11.0
dataset4,469,TAGAATTATGAGTCTG-1,6,0,Cartilage_2,6,10,5,E11_0-S1,E11.0
dataset4,470,TCGGCCTTTGCCGGCA-1,6,0,Cartilage_2,6,10,5,E11_0-S1,E11.0
dataset4,471,CCGATTCCCGAACGCC-1,6,0,Cartilage_2,6,12,5,E11_0-S1,E11.0
dataset4,472,AATTAAGATCGGCCTT-1,9,7,Primary_brain_2,12,1,11,E11_0-S1,E11.0
dataset4,473,TTATTCATAGAGCTAT-1,0,3,Mesenchyme,8,12,13,E11_0-S1,E11.0
dataset4,474,GGCTGAGCTGGTCAGC-1,6,0,Cartilage_2,6,10,5,E11_0-S1,E11.0
dataset4,475,GGCTGAGCACGGAGGC-1,6,0,Cartilage_2,6,10,5,E11_0-S1,E11.0
dataset4,476,TCGGCCTTCCGATTCC-1,0,0,Cartilage_2,6,11,11,E11_0-S1,E11.0
dataset4,477,GCAGGTCCTGGTCAGC-1,4,5,Muscle,5,11,5,E11_0-S1,E11.0
dataset4,478,GACCTTGATTATTCAT-1,6,0,Cartilage_2,6,10,5,E11_0-S1,E11.0
dataset4,479,ATCATATTCTAAGAGA-1,9,6,Primary_brain_1,2,6,11,E11_0-S1,E11.0
dataset4,480,TAGAGTAACCGATTCC-1,9,6,Primary_brain_1,2,6,11,E11_0-S1,E11.0
dataset4,481,GCAGGTCCTCCTACCA-1,6,3,Mesenchyme,8,12,13,E11_0-S1,E11.0
dataset4,482,CCAGTTCCCGAACGCC-1,9,0,Cartilage_2,6,11,13,E11_0-S1,E11.0
dataset4,483,ACCGCCAAGCAGGTCC-1,6,0,Cartilage_2,6,10,5,E11_0-S1,E11.0
dataset4,484,TAGAGTAATCGGCCTT-1,6,0,Cartilage_2,6,10,5,E11_0-S1,E11.0
dataset4,485,ACTTAACCCTAAGAGA-1,0,3,Mesenchyme,8,12,13,E11_0-S1,E11.0
dataset4,486,CATACTCCGATCTTAC-1,6,6,Primary_brain_1,2,6,11,E11_0-S1,E11.0
dataset4,487,TCCTACCATTATCCGG-1,0,3,Mesenchyme,8,12,13,E11_0-S1,E11.0
dataset4,488,GACCTTGATTACCGAG-1,6,0,Cartilage_2,6,10,5,E11_0-S1,E11.0
dataset4,489,GGCTGAGCCGACGCGA-1,6,0,Cartilage_2,6,10,5,E11_0-S1,E11.0
dataset4,490,GCCATTCTTAGAATTA-1,6,0,Cartilage_2,6,10,5,E11_0-S1,E11.0
dataset4,491,CTGATGGTAATTAAGA-1,6,3,Mesenchyme,8,11,13,E11_0-S1,E11.0
dataset4,492,CTAAGAGACCAGTTCC-1,9,6,Primary_brain_1,2,6,12,E11_0-S1,E11.0
dataset4,493,GAAGATCGGCAGGTCC-1,9,6,Primary_brain_1,2,6,11,E11_0-S1,E11.0
dataset4,494,ACGGAGGCCTGATGGT-1,9,7,Primary_brain_2,12,1,11,E11_0-S1,E11.0
dataset4,495,GCAGGTCCGGTACTGC-1,6,0,Cartilage_2,6,10,5,E11_0-S1,E11.0
dataset4,496,ACGGAGGCTCGGCCTT-1,9,7,Primary_brain_2,12,1,13,E11_0-S1,E11.0
dataset4,497,TGAGTCTGTCTGATAC-1,9,6,Primary_brain_1,2,6,11,E11_0-S1,E11.0
dataset4,498,CTAAGAGAAGAACGTC-1,9,2,Diencephalon_and_hindbrain,13,7,10,E11_0-S1,E11.0
dataset4,499,CCGATTCCGGTACTGC-1,6,3,Mesenchyme,8,11,13,E11_0-S1,E11.0
dataset4,500,CTGATGGTTCGGCCTT-1,9,6,Primary_brain_1,2,6,13,E11_0-S1,E11.0
dataset4,501,ACCGCCAAACTATGCA-1,6,0,Cartilage_2,6,10,5,E11_0-S1,E11.0
dataset4,502,GCCATTCTTTACCGAG-1,9,2,Diencephalon_and_hindbrain,13,3,4,E11_0-S1,E11.0
dataset4,503,GCCGCAACTCGGCCTT-1,9,6,Primary_brain_1,2,6,12,E11_0-S1,E11.0
dataset4,504,ACTCAATATCCTACCA-1,0,3,Mesenchyme,8,12,5,E11_0-S1,E11.0
dataset4,505,TAGAATTATGGTCAGC-1,9,3,Mesenchyme,8,11,4,E11_0-S1,E11.0
dataset4,506,ATCATATTAGAGCTAT-1,0,3,Mesenchyme,8,11,13,E11_0-S1,E11.0
dataset4,507,CATACTCCTAGAATTA-1,0,2,Diencephalon_and_hindbrain,13,12,13,E11_0-S1,E11.0
dataset4,508,GATCTTACGATACGGA-1,9,7,Primary_brain_2,12,1,11,E11_0-S1,E11.0
dataset4,509,CTGATGGTTCCTACCA-1,6,3,Mesenchyme,8,11,4,E11_0-S1,E11.0
dataset4,510,CTTGCGCCGGTACTGC-1,6,0,Cartilage_2,6,10,5,E11_0-S1,E11.0
dataset4,511,GGTACTGCAGAACGTC-1,6,0,Cartilage_2,6,10,5,E11_0-S1,E11.0
dataset4,512,CCAGTTCCCCGATTCC-1,9,0,Cartilage_2,6,6,4,E11_0-S1,E11.0
dataset4,513,GGTACTGCGAAGATCG-1,0,5,Muscle,5,13,5,E11_0-S1,E11.0
dataset4,514,CCAGTTCCCTTGCGCC-1,6,0,Cartilage_2,6,10,5,E11_0-S1,E11.0
dataset4,515,TTATCCGGTCGGCCTT-1,9,6,Primary_brain_1,2,6,11,E11_0-S1,E11.0
dataset4,516,CTGATGGTATCATATT-1,9,7,Primary_brain_2,12,1,11,E11_0-S1,E11.0
dataset4,517,AGAGCTATAGAGAAGG-1,0,3,Mesenchyme,8,12,13,E11_0-S1,E11.0
dataset4,518,CCGATTCCACCGCCAA-1,6,0,Cartilage_2,6,11,5,E11_0-S1,E11.0
dataset4,519,GCCATTCTAGAACGTC-1,6,0,Cartilage_2,6,11,4,E11_0-S1,E11.0
dataset4,520,GACCTTGATAGAGTAA-1,0,0,Cartilage_2,6,11,13,E11_0-S1,E11.0
dataset4,521,TTGACTTCACTTAACC-1,9,6,Primary_brain_1,2,6,12,E11_0-S1,E11.0
dataset4,522,TAGATCTACTAAGAGA-1,0,3,Mesenchyme,8,12,13,E11_0-S1,E11.0
dataset4,523,AATTAAGATAGAATTA-1,0,3,Mesenchyme,8,12,13,E11_0-S1,E11.0
dataset4,524,TGAGTCTGCTAAGAGA-1,0,3,Mesenchyme,8,12,13,E11_0-S1,E11.0
dataset4,525,TAGAGTAAACTATGCA-1,6,0,Cartilage_2,6,11,5,E11_0-S1,E11.0
dataset4,526,CGAACGCCAGAACGTC-1,6,0,Cartilage_2,6,10,5,E11_0-S1,E11.0
dataset4,527,AGAGCTATGCAGGTCC-1,9,6,Primary_brain_1,2,6,12,E11_0-S1,E11.0
dataset4,528,GGTACTGCTCTGATAC-1,6,5,Muscle,5,13,5,E11_0-S1,E11.0
dataset4,529,GCTAACTTTCCTACCA-1,0,3,Mesenchyme,8,12,4,E11_0-S1,E11.0
dataset4,530,TTGACTTCGGTACTGC-1,6,3,Mesenchyme,8,11,4,E11_0-S1,E11.0
dataset4,531,TTGACTTCTTGACTTC-1,6,0,Cartilage_2,6,10,5,E11_0-S1,E11.0
dataset4,532,TCGGCCTTGGTACTGC-1,6,0,Cartilage_2,6,10,5,E11_0-S1,E11.0
dataset4,533,ATCATATTTAGAGTAA-1,9,7,Primary_brain_2,12,1,11,E11_0-S1,E11.0
dataset4,534,TAGATCTAACTCAATA-1,0,3,Mesenchyme,8,12,13,E11_0-S1,E11.0
dataset4,535,CTGATGGTACTATGCA-1,9,7,Primary_brain_2,12,1,11,E11_0-S1,E11.0
dataset4,536,GATCTTACAATTAAGA-1,6,0,Cartilage_2,6,10,4,E11_0-S1,E11.0
dataset4,537,TGAGTCTGTTACCGAG-1,9,3,Mesenchyme,8,6,13,E11_0-S1,E11.0
dataset4,538,TGAGTCTGATCATATT-1,9,3,Mesenchyme,8,6,13,E11_0-S1,E11.0
dataset4,539,TAGAGTAAACTCAATA-1,6,3,Mesenchyme,8,12,4,E11_0-S1,E11.0
dataset4,540,TTACCGAGCTGATGGT-1,9,6,Primary_brain_1,2,6,11,E11_0-S1,E11.0
dataset4,541,TGCGGACCTCGGCCTT-1,0,3,Mesenchyme,8,11,13,E11_0-S1,E11.0
dataset4,542,TTACCGAGTTGACTTC-1,0,3,Mesenchyme,8,12,13,E11_0-S1,E11.0
dataset4,543,ACTTAACCTCGGCCTT-1,6,0,Cartilage_2,6,10,5,E11_0-S1,E11.0
dataset4,544,AGAACGTCGGTACTGC-1,6,0,Cartilage_2,6,10,5,E11_0-S1,E11.0
dataset4,545,GGTACTGCGCAGGTCC-1,6,3,Mesenchyme,8,11,4,E11_0-S1,E11.0
dataset4,546,TAGATCTACCGAGAAT-1,9,6,Primary_brain_1,2,6,11,E11_0-S1,E11.0
dataset4,547,AGAACGTCCTAAGAGA-1,6,0,Cartilage_2,6,10,5,E11_0-S1,E11.0
dataset4,548,ATAAGGAGACGGAGGC-1,6,0,Cartilage_2,6,10,5,E11_0-S1,E11.0
dataset4,549,ACCGCCAACAACCGCT-1,6,0,Cartilage_2,6,10,5,E11_0-S1,E11.0
dataset4,550,GCAGGTCCTTATTCAT-1,6,0,Cartilage_2,6,12,4,E11_0-S1,E11.0
dataset4,551,CCGATTCCTGCCGGCA-1,6,0,Cartilage_2,6,10,5,E11_0-S1,E11.0
dataset4,552,TGCGGACCACTCAATA-1,6,3,Mesenchyme,8,12,13,E11_0-S1,E11.0
dataset4,553,GGCTGAGCACTATGCA-1,6,0,Cartilage_2,6,10,5,E11_0-S1,E11.0
dataset4,554,CAACCGCTCCAGTTCC-1,9,7,Primary_brain_2,12,1,11,E11_0-S1,E11.0
dataset4,555,TTGACTTCCGACGCGA-1,6,3,Mesenchyme,8,11,13,E11_0-S1,E11.0
dataset4,556,AGAGCTATACTTAACC-1,9,6,Primary_brain_1,2,6,12,E11_0-S1,E11.0
dataset4,557,AGAGAAGGGCGTTGGA-1,0,3,Mesenchyme,8,12,13,E11_0-S1,E11.0
dataset4,558,GAAGATCGCTGATGGT-1,9,3,Mesenchyme,8,6,13,E11_0-S1,E11.0
dataset4,559,TCGGCCTTTAGATCTA-1,0,3,Mesenchyme,8,12,13,E11_0-S1,E11.0
dataset4,560,CTAAGAGATCGGCCTT-1,9,6,Primary_brain_1,2,6,12,E11_0-S1,E11.0
dataset4,561,TAGAATTAAAGAAGCT-1,0,3,Mesenchyme,8,11,13,E11_0-S1,E11.0
dataset4,562,CTGATGGTTCTGATAC-1,9,7,Primary_brain_2,12,1,11,E11_0-S1,E11.0
dataset4,563,ACTATGCATAGAGTAA-1,9,7,Primary_brain_2,12,1,11,E11_0-S1,E11.0
dataset4,564,CAACCGCTTCTGATAC-1,6,0,Cartilage_2,6,11,5,E11_0-S1,E11.0
dataset4,565,CCAGTTCCACTTAACC-1,6,0,Cartilage_2,6,10,5,E11_0-S1,E11.0
dataset4,566,CCGATTCCAGAACGTC-1,6,0,Cartilage_2,6,10,5,E11_0-S1,E11.0
dataset4,567,CAACCGCTGGCTGAGC-1,9,6,Primary_brain_1,2,6,11,E11_0-S1,E11.0
dataset4,568,TCGGCCTTGCCATTCT-1,6,0,Cartilage_2,6,10,5,E11_0-S1,E11.0
dataset4,569,AATTAAGACCGAGAAT-1,9,6,Primary_brain_1,2,6,11,E11_0-S1,E11.0
dataset4,570,TGGTCAGCGATCTTAC-1,9,6,Primary_brain_1,2,6,11,E11_0-S1,E11.0
dataset4,571,ACTCAATATCCGGCCT-1,0,3,Mesenchyme,8,8,10,E11_0-S1,E11.0
dataset4,572,TTATTCATTCGGCCTT-1,9,7,Primary_brain_2,12,1,11,E11_0-S1,E11.0
dataset4,573,CTAAGAGATTATCCGG-1,0,3,Mesenchyme,8,12,13,E11_0-S1,E11.0
dataset4,574,CTAAGAGAGAAGATCG-1,0,3,Mesenchyme,8,3,13,E11_0-S1,E11.0
dataset4,575,ATCATATTAGAACGTC-1,1,7,Primary_brain_2,12,1,11,E11_0-S1,E11.0
dataset4,576,CCAGTTCCGCCATTCT-1,6,3,Mesenchyme,8,12,13,E11_0-S1,E11.0
dataset4,577,GATCTTACCTAAGAGA-1,9,6,Primary_brain_1,2,6,12,E11_0-S1,E11.0
dataset4,578,TTGACTTCGCCATTCT-1,6,0,Cartilage_2,6,10,5,E11_0-S1,E11.0
dataset4,579,GAAGATCGGATCTTAC-1,0,3,Mesenchyme,8,6,13,E11_0-S1,E11.0
dataset4,580,TGGTCAGCTCGGCCTT-1,9,7,Primary_brain_2,12,1,11,E11_0-S1,E11.0
dataset4,581,GATCTTACATCATATT-1,6,3,Mesenchyme,8,11,13,E11_0-S1,E11.0
dataset4,582,GATCTTACTTGACTTC-1,6,3,Mesenchyme,8,11,4,E11_0-S1,E11.0
dataset4,583,TTATCCGGCTGATGGT-1,9,6,Primary_brain_1,2,6,11,E11_0-S1,E11.0
dataset4,584,TAGAGTAATCTGATAC-1,6,0,Cartilage_2,6,11,5,E11_0-S1,E11.0
dataset4,585,GGTACTGCGGTACTGC-1,6,0,Cartilage_2,6,10,5,E11_0-S1,E11.0
dataset4,586,GGTACTGCTTATCCGG-1,6,5,Muscle,5,13,5,E11_0-S1,E11.0
dataset4,587,CTAAGAGAGCGTTGGA-1,6,0,Cartilage_2,6,10,5,E11_0-S1,E11.0
dataset4,588,CTGATGGTGCCGCAAC-1,9,3,Mesenchyme,8,11,13,E11_0-S1,E11.0
dataset4,589,CGAACGCCGGTACTGC-1,6,0,Cartilage_2,6,10,5,E11_0-S1,E11.0
dataset4,590,TGGTCAGCGCCATTCT-1,9,2,Diencephalon_and_hindbrain,13,4,11,E11_0-S1,E11.0
dataset4,591,GCCGCAACTCTGATAC-1,9,6,Primary_brain_1,2,6,11,E11_0-S1,E11.0
dataset4,592,TAGATCTATAGAGTAA-1,9,7,Primary_brain_2,12,6,11,E11_0-S1,E11.0
dataset4,593,GCCGCAACCTTGCGCC-1,9,3,Mesenchyme,8,5,13,E11_0-S1,E11.0
dataset4,594,TCCTACCATTATTCAT-1,6,3,Mesenchyme,8,11,4,E11_0-S1,E11.0
dataset4,595,CTTGCGCCGAAGATCG-1,6,5,Muscle,5,13,5,E11_0-S1,E11.0
dataset4,596,TAGAGTAAGAAGATCG-1,0,0,Cartilage_2,6,11,5,E11_0-S1,E11.0
dataset4,597,TGCGGACCCCGAGAAT-1,9,6,Primary_brain_1,2,6,11,E11_0-S1,E11.0
dataset4,598,GATCTTACGCCATTCT-1,6,3,Mesenchyme,8,11,13,E11_0-S1,E11.0
dataset4,599,TGAGTCTGGCGTTGGA-1,0,3,Mesenchyme,8,12,13,E11_0-S1,E11.0
dataset4,600,TGGTCAGCCTAAGAGA-1,9,6,Primary_brain_1,2,6,11,E11_0-S1,E11.0
dataset4,601,TAGAGTAAGCCATTCT-1,6,3,Mesenchyme,8,12,13,E11_0-S1,E11.0
dataset4,602,ATAAGGAGTCGGCCTT-1,6,0,Cartilage_2,6,10,5,E11_0-S1,E11.0
dataset4,603,ATAAGGAGAGAACGTC-1,6,0,Cartilage_2,6,10,5,E11_0-S1,E11.0
dataset4,604,TGCGGACCTGAGTCTG-1,9,6,Primary_brain_1,2,6,11,E11_0-S1,E11.0
dataset4,605,CCAGTTCCTGCCGGCA-1,6,0,Cartilage_2,6,10,5,E11_0-S1,E11.0
dataset4,606,TCCTACCATAGATCTA-1,0,0,Cartilage_2,6,12,13,E11_0-S1,E11.0
dataset4,607,ACTTAACCTTGACTTC-1,6,3,Mesenchyme,8,12,4,E11_0-S1,E11.0
dataset4,608,GCAGGTCCATCATATT-1,6,0,Cartilage_2,6,11,5,E11_0-S1,E11.0
dataset4,609,ATAAGGAGTGCCGGCA-1,6,0,Cartilage_2,6,10,5,E11_0-S1,E11.0
dataset4,610,CTGATGGTGCGTTGGA-1,6,3,Mesenchyme,8,11,13,E11_0-S1,E11.0
dataset4,611,TAGAGTAAATCATATT-1,6,0,Cartilage_2,6,10,5,E11_0-S1,E11.0
dataset4,612,GCAGGTCCTCGGCCTT-1,6,0,Cartilage_2,6,10,5,E11_0-S1,E11.0
dataset4,613,TAGAATTAGCGTTGGA-1,6,0,Cartilage_2,6,10,5,E11_0-S1,E11.0
dataset4,614,TGAGTCTGTCGGCCTT-1,9,6,Primary_brain_1,2,6,12,E11_0-S1,E11.0
dataset4,615,GCCATTCTAGAGCTAT-1,6,0,Cartilage_2,6,10,5,E11_0-S1,E11.0
dataset4,616,GCCATTCTTTATTCAT-1,6,0,Cartilage_2,6,10,5,E11_0-S1,E11.0
dataset4,617,CAACCGCTTTGACTTC-1,0,3,Mesenchyme,8,12,13,E11_0-S1,E11.0
dataset4,618,CCGATTCCCCAGTTCC-1,6,0,Cartilage_2,6,10,5,E11_0-S1,E11.0
dataset4,619,GATACGGATAGAGTAA-1,9,7,Primary_brain_2,12,1,11,E11_0-S1,E11.0
dataset4,620,AAGAAGCTCCGAGAAT-1,0,6,Primary_brain_1,2,12,13,E11_0-S1,E11.0
dataset4,621,TGCGGACCCAACCGCT-1,0,3,Mesenchyme,8,12,13,E11_0-S1,E11.0
dataset4,622,ACTCAATAACTATGCA-1,0,3,Mesenchyme,8,12,13,E11_0-S1,E11.0
dataset4,623,TGCCGGCATTGACTTC-1,6,3,Mesenchyme,8,12,13,E11_0-S1,E11.0
dataset4,624,ACTCAATAACTCAATA-1,0,3,Mesenchyme,8,12,13,E11_0-S1,E11.0
dataset4,625,GGCTGAGCTAGAGTAA-1,6,0,Cartilage_2,6,11,5,E11_0-S1,E11.0
dataset4,626,ATAAGGAGTTACCGAG-1,6,0,Cartilage_2,6,10,5,E11_0-S1,E11.0
dataset4,627,GACCTTGATGGTCAGC-1,6,0,Cartilage_2,6,10,5,E11_0-S1,E11.0
dataset4,628,ACTCAATATAGAATTA-1,0,3,Mesenchyme,8,12,13,E11_0-S1,E11.0
dataset4,629,ACTATGCAAGAACGTC-1,9,6,Primary_brain_1,2,1,11,E11_0-S1,E11.0
dataset4,630,GATACGGATCGGCCTT-1,9,6,Primary_brain_1,2,6,11,E11_0-S1,E11.0
dataset4,631,GCAGGTCCAATTAAGA-1,0,3,Mesenchyme,8,12,4,E11_0-S1,E11.0
dataset4,632,GCCGCAACCGACGCGA-1,9,6,Primary_brain_1,2,6,11,E11_0-S1,E11.0
dataset4,633,TGGTCAGCGACCTTGA-1,9,7,Primary_brain_2,12,1,11,E11_0-S1,E11.0
dataset4,634,CCAGTTCCGATACGGA-1,6,0,Cartilage_2,6,11,5,E11_0-S1,E11.0
dataset4,635,GACCTTGACCAGTTCC-1,9,6,Primary_brain_1,2,6,11,E11_0-S1,E11.0
dataset4,636,CTTGCGCCTCCGGCCT-1,0,3,Mesenchyme,8,12,13,E11_0-S1,E11.0
dataset4,637,GGCTGAGCTGAGTCTG-1,0,3,Mesenchyme,8,12,13,E11_0-S1,E11.0
dataset4,638,TGAGTCTGTTATCCGG-1,9,6,Primary_brain_1,2,6,11,E11_0-S1,E11.0
dataset4,639,AGAACGTCGATACGGA-1,4,5,Muscle,5,13,5,E11_0-S1,E11.0
dataset4,640,TCGGCCTTATCATATT-1,4,5,Muscle,5,13,5,E11_0-S1,E11.0
dataset4,641,TTACCGAGGGTACTGC-1,0,3,Mesenchyme,8,12,13,E11_0-S1,E11.0
dataset4,642,GCCGCAACGCCATTCT-1,0,3,Mesenchyme,8,11,13,E11_0-S1,E11.0
dataset4,643,CCGATTCCTTGACTTC-1,6,3,Mesenchyme,8,12,13,E11_0-S1,E11.0
dataset4,644,GCGTTGGAGGTACTGC-1,9,2,Diencephalon_and_hindbrain,13,1,10,E11_0-S1,E11.0
dataset4,645,TGAGTCTGGCAGGTCC-1,9,6,Primary_brain_1,2,6,12,E11_0-S1,E11.0
dataset4,646,CTGATGGTGCCATTCT-1,6,3,Mesenchyme,8,11,13,E11_0-S1,E11.0
dataset4,647,GATCTTACTGCGGACC-1,6,3,Mesenchyme,8,11,13,E11_0-S1,E11.0
dataset4,648,CGACGCGATCGGCCTT-1,9,6,Primary_brain_1,2,6,11,E11_0-S1,E11.0
dataset4,649,GCAGGTCCAGAACGTC-1,6,0,Cartilage_2,6,10,5,E11_0-S1,E11.0
dataset4,650,TGAGTCTGTTGACTTC-1,0,3,Mesenchyme,8,12,13,E11_0-S1,E11.0
dataset4,651,GGCTGAGCGCAGGTCC-1,6,0,Cartilage_2,6,10,5,E11_0-S1,E11.0
dataset4,652,GCGTTGGATTACCGAG-1,6,3,Mesenchyme,8,11,4,E11_0-S1,E11.0
dataset4,653,AATTAAGACTAAGAGA-1,0,3,Mesenchyme,8,12,13,E11_0-S1,E11.0
dataset4,654,GAAGATCGTGAGTCTG-1,6,3,Mesenchyme,8,11,13,E11_0-S1,E11.0
dataset4,655,AATTAAGACTGATGGT-1,9,7,Primary_brain_2,12,1,11,E11_0-S1,E11.0
dataset4,656,AATTAAGATAGAGTAA-1,9,7,Primary_brain_2,12,1,11,E11_0-S1,E11.0
dataset4,657,TCCTACCATTGACTTC-1,0,3,Mesenchyme,8,12,4,E11_0-S1,E11.0
dataset4,658,AGAGCTATGGTACTGC-1,6,3,Mesenchyme,8,11,13,E11_0-S1,E11.0
dataset4,659,GATCTTACCCGAGAAT-1,6,3,Mesenchyme,8,10,4,E11_0-S1,E11.0
dataset4,660,GCCGCAACGAAGATCG-1,9,4,Midbrain,14,1,11,E11_0-S1,E11.0
dataset4,661,TTGACTTCACTCAATA-1,6,0,Cartilage_2,6,10,5,E11_0-S1,E11.0
dataset4,662,TGCCGGCAGACCTTGA-1,9,7,Primary_brain_2,12,1,11,E11_0-S1,E11.0
dataset4,663,CCGAGAATAAGAAGCT-1,9,7,Primary_brain_2,12,1,13,E11_0-S1,E11.0
dataset4,664,TCGGCCTTAATTAAGA-1,0,3,Mesenchyme,8,12,13,E11_0-S1,E11.0
dataset4,665,CTGATGGTTGCGGACC-1,6,3,Mesenchyme,8,11,13,E11_0-S1,E11.0
dataset4,666,ACTCAATAGGTACTGC-1,0,1,DPallm,11,12,13,E11_0-S1,E11.0
dataset4,667,CGAACGCCCTTGCGCC-1,6,0,Cartilage_2,6,10,5,E11_0-S1,E11.0
dataset4,668,CCGAGAATAATTAAGA-1,9,7,Primary_brain_2,12,1,13,E11_0-S1,E11.0
dataset4,669,TTGACTTCGCCGCAAC-1,6,0,Cartilage_2,6,10,5,E11_0-S1,E11.0
dataset4,670,ACGGAGGCGGTACTGC-1,9,7,Primary_brain_2,12,1,11,E11_0-S1,E11.0
dataset4,671,GCCGCAACACGGAGGC-1,9,7,Primary_brain_2,12,1,11,E11_0-S1,E11.0
dataset4,672,TGAGTCTGCAACCGCT-1,9,6,Primary_brain_1,2,6,12,E11_0-S1,E11.0
dataset4,673,ACCGCCAATAGAATTA-1,6,3,Mesenchyme,8,12,13,E11_0-S1,E11.0
dataset4,674,TAGAATTATCCTACCA-1,6,0,Cartilage_2,6,10,5,E11_0-S1,E11.0
dataset4,675,GCCATTCTATCATATT-1,6,3,Mesenchyme,8,11,4,E11_0-S1,E11.0
dataset4,676,GCAGGTCCACTCAATA-1,6,3,Mesenchyme,8,12,4,E11_0-S1,E11.0
dataset4,677,TAGAGTAATTACCGAG-1,6,0,Cartilage_2,6,10,5,E11_0-S1,E11.0
dataset4,678,CAACCGCTGCCATTCT-1,0,3,Mesenchyme,8,12,4,E11_0-S1,E11.0
dataset4,679,TGCCGGCACCGAGAAT-1,9,6,Primary_brain_1,2,6,11,E11_0-S1,E11.0
dataset4,680,CCGAGAATGGTACTGC-1,9,7,Primary_brain_2,12,1,13,E11_0-S1,E11.0
dataset4,681,GCCGCAACAAGAAGCT-1,0,0,Cartilage_2,6,12,4,E11_0-S1,E11.0
dataset4,682,AGAACGTCTTGACTTC-1,6,0,Cartilage_2,6,10,5,E11_0-S1,E11.0
dataset4,683,TGAGTCTGTGGTCAGC-1,9,6,Primary_brain_1,2,6,13,E11_0-S1,E11.0
dataset4,684,CCAGTTCCGACCTTGA-1,6,0,Cartilage_2,6,10,5,E11_0-S1,E11.0
dataset4,685,AGAGAAGGAGAACGTC-1,9,6,Primary_brain_1,2,6,11,E11_0-S1,E11.0
dataset4,686,CTGATGGTACGGAGGC-1,0,3,Mesenchyme,8,11,13,E11_0-S1,E11.0
dataset4,687,ACCGCCAAGGTACTGC-1,6,3,Mesenchyme,8,12,4,E11_0-S1,E11.0
dataset4,688,ACCGCCAACTAAGAGA-1,6,3,Mesenchyme,8,12,13,E11_0-S1,E11.0
dataset4,689,CTAAGAGATCCGGCCT-1,0,3,Mesenchyme,8,12,13,E11_0-S1,E11.0
dataset4,690,TTGACTTCTGAGTCTG-1,6,0,Cartilage_2,6,10,5,E11_0-S1,E11.0
dataset4,691,TTATTCATCTTGCGCC-1,0,3,Mesenchyme,8,12,13,E11_0-S1,E11.0
dataset4,692,TTATTCATGATCTTAC-1,9,7,Primary_brain_2,12,1,11,E11_0-S1,E11.0
dataset4,693,TTATCCGGTAGAGTAA-1,9,7,Primary_brain_2,12,1,11,E11_0-S1,E11.0
dataset4,694,CGAACGCCTTATTCAT-1,6,0,Cartilage_2,6,9,5,E11_0-S1,E11.0
dataset4,695,GACCTTGAGCCATTCT-1,6,3,Mesenchyme,8,12,13,E11_0-S1,E11.0
dataset4,696,CTTGCGCCGCCATTCT-1,6,0,Cartilage_2,6,10,5,E11_0-S1,E11.0
dataset4,697,TGAGTCTGGACCTTGA-1,9,6,Primary_brain_1,2,6,12,E11_0-S1,E11.0
dataset4,698,CCGAGAATAGAACGTC-1,9,6,Primary_brain_1,2,6,12,E11_0-S1,E11.0
dataset4,699,AGAACGTCTAGATCTA-1,0,3,Mesenchyme,8,12,9,E11_0-S1,E11.0
dataset4,700,AGAACGTCTCGGCCTT-1,6,0,Cartilage_2,6,10,5,E11_0-S1,E11.0
dataset4,701,GGCTGAGCTGCGGACC-1,0,3,Mesenchyme,8,12,4,E11_0-S1,E11.0
dataset4,702,GGCTGAGCAGAGCTAT-1,6,3,Mesenchyme,8,12,13,E11_0-S1,E11.0
dataset4,703,TGCGGACCCTAAGAGA-1,0,3,Mesenchyme,8,12,13,E11_0-S1,E11.0
dataset4,704,TGCCGGCATCCTACCA-1,0,3,Mesenchyme,8,12,13,E11_0-S1,E11.0
dataset4,705,TAGAATTATTATTCAT-1,6,0,Cartilage_2,6,10,5,E11_0-S1,E11.0
dataset4,706,ACGGAGGCAGAACGTC-1,9,7,Primary_brain_2,12,1,10,E11_0-S1,E11.0
dataset4,707,GAAGATCGACGGAGGC-1,0,3,Mesenchyme,8,12,13,E11_0-S1,E11.0
dataset4,708,TTGACTTCGATCTTAC-1,6,0,Cartilage_2,6,10,5,E11_0-S1,E11.0
dataset4,709,ACCGCCAAGGCTGAGC-1,9,0,Cartilage_2,6,6,4,E11_0-S1,E11.0
dataset4,710,GACCTTGAACTTAACC-1,9,6,Primary_brain_1,2,6,11,E11_0-S1,E11.0
dataset4,711,CCAGTTCCAGAGCTAT-1,6,3,Mesenchyme,8,12,13,E11_0-S1,E11.0
dataset4,712,GAAGATCGGCCGCAAC-1,6,3,Mesenchyme,8,11,13,E11_0-S1,E11.0
dataset4,713,GACCTTGAGGCTGAGC-1,9,6,Primary_brain_1,2,6,11,E11_0-S1,E11.0
dataset4,714,TGAGTCTGAATTAAGA-1,9,3,Mesenchyme,8,6,13,E11_0-S1,E11.0
dataset4,715,TAGAATTAATCATATT-1,6,0,Cartilage_2,6,3,4,E11_0-S1,E11.0
dataset4,716,ACTTAACCACGGAGGC-1,0,3,Mesenchyme,8,12,13,E11_0-S1,E11.0
dataset4,717,GCAGGTCCTGCCGGCA-1,6,0,Cartilage_2,6,10,5,E11_0-S1,E11.0
dataset4,718,GCCATTCTAAGAAGCT-1,0,3,Mesenchyme,8,12,13,E11_0-S1,E11.0
dataset4,719,ACTCAATAACTTAACC-1,0,6,Primary_brain_1,2,12,12,E11_0-S1,E11.0
dataset4,720,TGCGGACCAGAACGTC-1,9,3,Mesenchyme,8,11,13,E11_0-S1,E11.0
dataset4,721,ACTCAATAGCGTTGGA-1,0,3,Mesenchyme,8,12,13,E11_0-S1,E11.0
dataset4,722,CCAGTTCCTAGAATTA-1,0,3,Mesenchyme,8,12,13,E11_0-S1,E11.0
dataset4,723,ATAAGGAGCCGATTCC-1,4,5,Muscle,5,13,5,E11_0-S1,E11.0
dataset4,724,TAGAATTAAGAACGTC-1,6,0,Cartilage_2,6,10,5,E11_0-S1,E11.0
dataset4,725,CCGATTCCACTTAACC-1,6,0,Cartilage_2,6,10,5,E11_0-S1,E11.0
dataset4,726,TAGATCTAGATCTTAC-1,9,7,Primary_brain_2,12,1,11,E11_0-S1,E11.0
dataset4,727,CCGAGAATTTACCGAG-1,9,7,Primary_brain_2,12,1,11,E11_0-S1,E11.0
dataset4,728,TCCTACCAGGTACTGC-1,0,2,Diencephalon_and_hindbrain,13,1,13,E11_0-S1,E11.0
dataset4,729,AATTAAGAGATCTTAC-1,9,7,Primary_brain_2,12,1,11,E11_0-S1,E11.0
dataset4,730,CCAGTTCCCGACGCGA-1,6,0,Cartilage_2,6,10,5,E11_0-S1,E11.0
dataset4,731,GATCTTACTGCCGGCA-1,6,3,Mesenchyme,8,10,4,E11_0-S1,E11.0
dataset4,732,ACTCAATACTAAGAGA-1,0,3,Mesenchyme,8,11,13,E11_0-S1,E11.0
dataset4,733,CCGATTCCTGCGGACC-1,0,3,Mesenchyme,8,12,13,E11_0-S1,E11.0
dataset4,734,ACTTAACCGCAGGTCC-1,9,0,Cartilage_2,6,10,5,E11_0-S1,E11.0
dataset4,735,TCGGCCTTACCGCCAA-1,6,0,Cartilage_2,6,11,11,E11_0-S1,E11.0
dataset4,736,GATCTTACTAGAATTA-1,6,2,Diencephalon_and_hindbrain,13,3,13,E11_0-S1,E11.0
dataset4,737,ACTCAATATGAGTCTG-1,0,3,Mesenchyme,8,12,4,E11_0-S1,E11.0
dataset4,738,GCCATTCTGATCTTAC-1,6,0,Cartilage_2,6,10,5,E11_0-S1,E11.0
dataset4,739,TTATTCATAGAACGTC-1,9,7,Primary_brain_2,12,1,13,E11_0-S1,E11.0
dataset4,740,TTATTCATACTCAATA-1,0,3,Mesenchyme,8,12,13,E11_0-S1,E11.0
dataset4,741,ATCATATTCTGATGGT-1,9,6,Primary_brain_1,2,6,11,E11_0-S1,E11.0
dataset4,742,GATCTTACAGAGCTAT-1,9,6,Primary_brain_1,2,6,12,E11_0-S1,E11.0
dataset4,743,TAGAGTAATTGACTTC-1,0,3,Mesenchyme,8,12,13,E11_0-S1,E11.0
dataset4,744,GCCGCAACACTCAATA-1,6,3,Mesenchyme,8,12,13,E11_0-S1,E11.0
dataset4,745,GGTACTGCGATCTTAC-1,6,0,Cartilage_2,6,10,5,E11_0-S1,E11.0
dataset4,746,CAACCGCTCTTGCGCC-1,6,0,Cartilage_2,6,10,5,E11_0-S1,E11.0
dataset4,747,GCGTTGGAACTCAATA-1,6,0,Cartilage_2,6,10,4,E11_0-S1,E11.0
dataset4,748,GCCGCAACTTACCGAG-1,9,3,Mesenchyme,8,1,13,E11_0-S1,E11.0
dataset4,749,TGCCGGCAAGAACGTC-1,9,7,Primary_brain_2,12,1,13,E11_0-S1,E11.0
dataset4,750,GGTACTGCTCCGGCCT-1,0,3,Mesenchyme,8,12,13,E11_0-S1,E11.0
dataset4,751,TAGAGTAATCCTACCA-1,6,3,Mesenchyme,8,12,4,E11_0-S1,E11.0
dataset4,752,CGACGCGAGCAGGTCC-1,9,6,Primary_brain_1,2,6,11,E11_0-S1,E11.0
dataset4,753,CATACTCCGCGTTGGA-1,0,3,Mesenchyme,8,12,4,E11_0-S1,E11.0
dataset4,754,ATAAGGAGGACCTTGA-1,6,0,Cartilage_2,6,10,5,E11_0-S1,E11.0
dataset4,755,GACCTTGAGACCTTGA-1,6,3,Mesenchyme,8,11,4,E11_0-S1,E11.0
dataset4,756,ACGGAGGCTCCTACCA-1,0,3,Mesenchyme,8,12,13,E11_0-S1,E11.0
dataset4,757,CTAAGAGACTGATGGT-1,6,0,Cartilage_2,6,10,5,E11_0-S1,E11.0
dataset4,758,CTTGCGCCTCGGCCTT-1,6,0,Cartilage_2,6,10,5,E11_0-S1,E11.0
dataset4,759,GCCATTCTTCGGCCTT-1,0,3,Mesenchyme,8,11,13,E11_0-S1,E11.0
dataset4,760,GCAGGTCCTTATCCGG-1,6,0,Cartilage_2,6,11,5,E11_0-S1,E11.0
dataset4,761,GCCATTCTAATTAAGA-1,6,0,Cartilage_2,6,10,5,E11_0-S1,E11.0
dataset4,762,ACCGCCAATTATTCAT-1,6,0,Cartilage_2,6,10,5,E11_0-S1,E11.0
dataset4,763,ATAAGGAGGGTACTGC-1,6,0,Cartilage_2,6,10,5,E11_0-S1,E11.0
dataset4,764,AATTAAGAGCGTTGGA-1,0,3,Mesenchyme,8,12,13,E11_0-S1,E11.0
dataset4,765,CTAAGAGAATCATATT-1,0,3,Mesenchyme,8,11,13,E11_0-S1,E11.0
dataset4,766,GATCTTACCTTGCGCC-1,9,6,Primary_brain_1,2,6,12,E11_0-S1,E11.0
dataset4,767,TCCTACCAGAAGATCG-1,0,3,Mesenchyme,8,12,13,E11_0-S1,E11.0
dataset4,768,GCCGCAACTGCCGGCA-1,9,3,Mesenchyme,8,1,13,E11_0-S1,E11.0
dataset4,769,CTTGCGCCGCGTTGGA-1,6,0,Cartilage_2,6,10,5,E11_0-S1,E11.0
dataset4,770,CTAAGAGACAACCGCT-1,9,6,Primary_brain_1,2,6,12,E11_0-S1,E11.0
dataset4,771,GCAGGTCCGAAGATCG-1,6,0,Cartilage_2,6,11,5,E11_0-S1,E11.0
dataset4,772,CCGAGAATTCCGGCCT-1,0,7,Primary_brain_2,12,1,9,E11_0-S1,E11.0
dataset4,773,TGCGGACCTTGACTTC-1,0,3,Mesenchyme,8,12,13,E11_0-S1,E11.0
dataset4,774,ACTCAATATTGACTTC-1,0,3,Mesenchyme,8,12,4,E11_0-S1,E11.0
dataset4,775,TAGAGTAAAATTAAGA-1,6,3,Mesenchyme,8,11,4,E11_0-S1,E11.0
dataset4,776,GCCATTCTCCAGTTCC-1,0,0,Cartilage_2,6,11,5,E11_0-S1,E11.0
dataset4,777,GATACGGAGACCTTGA-1,0,3,Mesenchyme,8,12,5,E11_0-S1,E11.0
dataset4,778,GCGTTGGATCCTACCA-1,6,0,Cartilage_2,6,10,4,E11_0-S1,E11.0
dataset4,779,ACCGCCAACCGATTCC-1,9,0,Cartilage_2,6,6,4,E11_0-S1,E11.0
dataset4,780,CATACTCCTCCTACCA-1,0,3,Mesenchyme,8,12,4,E11_0-S1,E11.0
dataset4,781,CTAAGAGAGATCTTAC-1,6,0,Cartilage_2,6,10,5,E11_0-S1,E11.0
dataset4,782,CCAGTTCCGCAGGTCC-1,6,0,Cartilage_2,6,10,5,E11_0-S1,E11.0
dataset4,783,TTGACTTCAATTAAGA-1,6,3,Mesenchyme,8,10,13,E11_0-S1,E11.0
dataset4,784,GATCTTACTAGATCTA-1,6,0,Cartilage_2,6,6,4,E11_0-S1,E11.0
dataset4,785,CTGATGGTAGAGCTAT-1,6,3,Mesenchyme,8,11,13,E11_0-S1,E11.0
dataset4,786,GATCTTACTCCTACCA-1,6,0,Cartilage_2,6,10,4,E11_0-S1,E11.0
dataset4,787,TTATTCATTTGACTTC-1,0,3,Mesenchyme,8,12,13,E11_0-S1,E11.0
dataset4,788,CTGATGGTCCAGTTCC-1,9,6,Primary_brain_1,2,6,12,E11_0-S1,E11.0
dataset4,789,CCAGTTCCTAGAGTAA-1,6,0,Cartilage_2,6,10,5,E11_0-S1,E11.0
dataset4,790,CATACTCCAGAGCTAT-1,9,3,Mesenchyme,8,6,11,E11_0-S1,E11.0
dataset4,791,TCGGCCTTTCGGCCTT-1,6,0,Cartilage_2,6,10,5,E11_0-S1,E11.0
dataset4,792,TTATCCGGGCCGCAAC-1,9,6,Primary_brain_1,2,6,11,E11_0-S1,E11.0
dataset4,793,TGAGTCTGAGAACGTC-1,9,3,Mesenchyme,8,11,13,E11_0-S1,E11.0
dataset4,794,TGAGTCTGTGAGTCTG-1,9,6,Primary_brain_1,2,6,11,E11_0-S1,E11.0
dataset4,795,ATCATATTACTCAATA-1,9,7,Primary_brain_2,12,1,11,E11_0-S1,E11.0
dataset4,796,TGAGTCTGGATACGGA-1,9,6,Primary_brain_1,2,6,13,E11_0-S1,E11.0
dataset4,797,ATAAGGAGGCAGGTCC-1,6,0,Cartilage_2,6,10,5,E11_0-S1,E11.0
dataset4,798,ATAAGGAGTAGAGTAA-1,6,0,Cartilage_2,6,10,5,E11_0-S1,E11.0
dataset4,799,GCCGCAACACTATGCA-1,9,6,Primary_brain_1,2,6,11,E11_0-S1,E11.0
dataset4,800,ACCGCCAATGCGGACC-1,0,3,Mesenchyme,8,12,13,E11_0-S1,E11.0
dataset4,801,ATAAGGAGCTTGCGCC-1,6,0,Cartilage_2,6,10,5,E11_0-S1,E11.0
dataset4,802,CGAACGCCCGACGCGA-1,6,0,Cartilage_2,6,10,5,E11_0-S1,E11.0
dataset4,803,CTTGCGCCTCTGATAC-1,4,5,Muscle,5,13,5,E11_0-S1,E11.0
dataset4,804,ACCGCCAAACTTAACC-1,6,0,Cartilage_2,6,10,5,E11_0-S1,E11.0
dataset4,805,GCGTTGGACCAGTTCC-1,9,6,Primary_brain_1,2,6,12,E11_0-S1,E11.0
dataset4,806,AGAACGTCACTCAATA-1,6,0,Cartilage_2,6,10,5,E11_0-S1,E11.0
dataset4,807,GCGTTGGATTATTCAT-1,6,0,Cartilage_2,6,10,4,E11_0-S1,E11.0
dataset4,808,CCAGTTCCTCCTACCA-1,0,3,Mesenchyme,8,12,13,E11_0-S1,E11.0
dataset4,809,TAGAGTAACTAAGAGA-1,4,3,Mesenchyme,8,12,4,E11_0-S1,E11.0
dataset4,810,CCAGTTCCTTATTCAT-1,6,0,Cartilage_2,6,10,5,E11_0-S1,E11.0
dataset4,811,GCCGCAACAATTAAGA-1,9,3,Mesenchyme,8,1,13,E11_0-S1,E11.0
dataset4,812,ACTCAATACGACGCGA-1,0,3,Mesenchyme,8,12,13,E11_0-S1,E11.0
dataset4,813,TGAGTCTGTAGAATTA-1,9,7,Primary_brain_2,12,1,13,E11_0-S1,E11.0
dataset4,814,CCGATTCCACGGAGGC-1,6,0,Cartilage_2,6,10,5,E11_0-S1,E11.0
dataset4,815,TCCTACCAAAGAAGCT-1,0,3,Mesenchyme,8,12,13,E11_0-S1,E11.0
dataset4,816,ACGGAGGCCTTGCGCC-1,9,7,Primary_brain_2,12,1,11,E11_0-S1,E11.0
dataset4,817,CTAAGAGAGCCGCAAC-1,6,0,Cartilage_2,6,10,5,E11_0-S1,E11.0
dataset4,818,TTGACTTCGCGTTGGA-1,6,0,Cartilage_2,6,10,5,E11_0-S1,E11.0
dataset4,819,TAGATCTAGCGTTGGA-1,0,3,Mesenchyme,8,11,13,E11_0-S1,E11.0
dataset4,820,GCCGCAACTAGAATTA-1,9,3,Mesenchyme,8,11,13,E11_0-S1,E11.0
dataset4,821,ACTTAACCCAACCGCT-1,6,0,Cartilage_2,6,11,5,E11_0-S1,E11.0
dataset4,822,ACTCAATAGCAGGTCC-1,0,6,Primary_brain_1,2,6,12,E11_0-S1,E11.0
dataset4,823,CTAAGAGATCCTACCA-1,6,0,Cartilage_2,6,11,5,E11_0-S1,E11.0
dataset4,824,AGAGCTATGAAGATCG-1,0,3,Mesenchyme,8,4,13,E11_0-S1,E11.0
dataset4,825,TGAGTCTGCCAGTTCC-1,0,6,Primary_brain_1,2,6,12,E11_0-S1,E11.0
dataset4,826,ACTTAACCGACCTTGA-1,6,0,Cartilage_2,6,11,5,E11_0-S1,E11.0
dataset4,827,GACCTTGAGAAGATCG-1,6,0,Cartilage_2,6,11,5,E11_0-S1,E11.0
dataset4,828,TCGGCCTTTTATTCAT-1,0,0,Cartilage_2,6,12,4,E11_0-S1,E11.0
dataset4,829,TCTGATACCTGATGGT-1,9,6,Primary_brain_1,2,6,11,E11_0-S1,E11.0
dataset4,830,AAGAAGCTCTTGCGCC-1,0,3,Mesenchyme,8,12,13,E11_0-S1,E11.0
dataset4,831,AGAGCTATACGGAGGC-1,6,3,Mesenchyme,8,10,4,E11_0-S1,E11.0
dataset4,832,GCCATTCTCGACGCGA-1,0,3,Mesenchyme,8,11,4,E11_0-S1,E11.0
dataset4,833,GCAGGTCCTTACCGAG-1,6,0,Cartilage_2,6,10,5,E11_0-S1,E11.0
dataset4,834,CCGAGAATATCATATT-1,9,7,Primary_brain_2,12,1,11,E11_0-S1,E11.0
dataset4,835,CAACCGCTGGTACTGC-1,6,0,Cartilage_2,6,11,5,E11_0-S1,E11.0
dataset4,836,GATCTTACTTATCCGG-1,9,7,Primary_brain_2,12,1,11,E11_0-S1,E11.0
dataset4,837,GCCGCAACTTATTCAT-1,9,3,Mesenchyme,8,1,13,E11_0-S1,E11.0
dataset4,838,CTGATGGTAAGAAGCT-1,9,7,Primary_brain_2,12,1,11,E11_0-S1,E11.0
dataset4,839,CTAAGAGATGAGTCTG-1,6,0,Cartilage_2,6,10,5,E11_0-S1,E11.0
dataset4,840,TGAGTCTGTCCTACCA-1,0,3,Mesenchyme,8,12,13,E11_0-S1,E11.0
dataset4,841,ACCGCCAATTACCGAG-1,6,0,Cartilage_2,6,10,5,E11_0-S1,E11.0
dataset4,842,TCCTACCACTTGCGCC-1,0,3,Mesenchyme,8,3,13,E11_0-S1,E11.0
dataset4,843,GGCTGAGCGGCTGAGC-1,0,0,Cartilage_2,6,11,5,E11_0-S1,E11.0
dataset4,844,TTATCCGGTGCGGACC-1,9,6,Primary_brain_1,2,6,11,E11_0-S1,E11.0
dataset4,845,TAGAATTAACTATGCA-1,6,3,Mesenchyme,8,11,4,E11_0-S1,E11.0
dataset4,846,TCTGATACGATCTTAC-1,9,6,Primary_brain_1,2,6,11,E11_0-S1,E11.0
dataset4,847,ATCATATTGATCTTAC-1,9,7,Primary_brain_2,12,1,11,E11_0-S1,E11.0
dataset4,848,TCCTACCAACCGCCAA-1,0,6,Primary_brain_1,2,6,12,E11_0-S1,E11.0
dataset4,849,GCCGCAACTGCGGACC-1,9,7,Primary_brain_2,12,1,11,E11_0-S1,E11.0
dataset4,850,TTGACTTCTGCGGACC-1,6,0,Cartilage_2,6,10,5,E11_0-S1,E11.0
dataset4,851,CAACCGCTATCATATT-1,6,0,Cartilage_2,6,10,5,E11_0-S1,E11.0
dataset4,852,TAGAATTAGACCTTGA-1,0,3,Mesenchyme,8,12,4,E11_0-S1,E11.0
dataset4,853,CTTGCGCCTTATTCAT-1,6,0,Cartilage_2,6,10,5,E11_0-S1,E11.0
dataset4,854,CTAAGAGATTATTCAT-1,6,0,Cartilage_2,6,11,4,E11_0-S1,E11.0
dataset4,855,TAGAGTAATAGAATTA-1,0,3,Mesenchyme,8,12,13,E11_0-S1,E11.0
dataset4,856,GGTACTGCCCGAGAAT-1,6,0,Cartilage_2,6,10,5,E11_0-S1,E11.0
dataset4,857,GGCTGAGCTTGACTTC-1,0,3,Mesenchyme,8,12,13,E11_0-S1,E11.0
dataset4,858,AGAGAAGGGGTACTGC-1,9,6,Primary_brain_1,2,6,11,E11_0-S1,E11.0
dataset4,859,GGCTGAGCCCGATTCC-1,6,0,Cartilage_2,6,11,5,E11_0-S1,E11.0
dataset4,860,AGAACGTCAATTAAGA-1,6,0,Cartilage_2,6,11,5,E11_0-S1,E11.0
dataset4,861,AGAGCTATTAGATCTA-1,6,3,Mesenchyme,8,10,4,E11_0-S1,E11.0
dataset4,862,GCCATTCTACTTAACC-1,0,3,Mesenchyme,8,11,13,E11_0-S1,E11.0
dataset4,863,CCAGTTCCCCAGTTCC-1,6,0,Cartilage_2,6,6,2,E11_0-S1,E11.0
dataset4,864,TAGAGTAAACCGCCAA-1,9,6,Primary_brain_1,2,6,11,E11_0-S1,E11.0
dataset4,865,TTATTCATCAACCGCT-1,0,3,Mesenchyme,8,12,4,E11_0-S1,E11.0
dataset4,866,AGAGCTATGATACGGA-1,9,3,Mesenchyme,8,11,13,E11_0-S1,E11.0
dataset4,867,ACCGCCAAACGGAGGC-1,0,3,Mesenchyme,8,12,13,E11_0-S1,E11.0
dataset4,868,TCCGGCCTCTGATGGT-1,0,6,Primary_brain_1,2,6,11,E11_0-S1,E11.0
dataset4,869,TCGGCCTTACTTAACC-1,6,0,Cartilage_2,6,6,4,E11_0-S1,E11.0
dataset4,870,CCGATTCCTCCTACCA-1,0,3,Mesenchyme,8,12,13,E11_0-S1,E11.0
dataset4,871,AGAACGTCCCAGTTCC-1,6,0,Cartilage_2,6,11,5,E11_0-S1,E11.0
dataset4,872,AGAGCTATCAACCGCT-1,9,6,Primary_brain_1,2,6,12,E11_0-S1,E11.0
dataset4,873,GAAGATCGTCGGCCTT-1,9,6,Primary_brain_1,2,6,11,E11_0-S1,E11.0
dataset4,874,GCGTTGGATAGATCTA-1,9,0,Cartilage_2,6,10,4,E11_0-S1,E11.0
dataset4,875,TAGATCTATAGAATTA-1,0,3,Mesenchyme,8,11,13,E11_0-S1,E11.0
dataset4,876,CCGAGAATGCGTTGGA-1,6,3,Mesenchyme,8,11,13,E11_0-S1,E11.0
dataset4,877,AGAACGTCTTACCGAG-1,6,0,Cartilage_2,6,10,5,E11_0-S1,E11.0
dataset4,878,ACGGAGGCGACCTTGA-1,0,3,Mesenchyme,8,12,13,E11_0-S1,E11.0
dataset4,879,GGTACTGCTGCGGACC-1,6,0,Cartilage_2,6,10,5,E11_0-S1,E11.0
dataset4,880,GCCATTCTCTTGCGCC-1,6,0,Cartilage_2,6,11,5,E11_0-S1,E11.0
dataset4,881,CGACGCGATAGAATTA-1,9,6,Primary_brain_1,2,6,11,E11_0-S1,E11.0
dataset4,882,AGAACGTCCTTGCGCC-1,6,0,Cartilage_2,6,10,5,E11_0-S1,E11.0
dataset4,883,AGAGCTATTCCTACCA-1,6,0,Cartilage_2,6,10,5,E11_0-S1,E11.0
dataset4,884,TTGACTTCTTACCGAG-1,4,2,Diencephalon_and_hindbrain,13,1,4,E11_0-S1,E11.0
dataset4,885,GCAGGTCCCAACCGCT-1,9,7,Primary_brain_2,12,6,11,E11_0-S1,E11.0
dataset4,886,TTACCGAGAGAACGTC-1,9,7,Primary_brain_2,12,1,11,E11_0-S1,E11.0
dataset4,887,GCCGCAACTGAGTCTG-1,9,7,Primary_brain_2,12,1,11,E11_0-S1,E11.0
dataset4,888,GCAGGTCCTAGAGTAA-1,6,0,Cartilage_2,6,11,13,E11_0-S1,E11.0
dataset4,889,TCCTACCACCAGTTCC-1,0,6,Primary_brain_1,2,6,12,E11_0-S1,E11.0
dataset4,890,GCCGCAACATCATATT-1,9,6,Primary_brain_1,2,6,11,E11_0-S1,E11.0
dataset4,891,AGAGCTATTCTGATAC-1,9,3,Mesenchyme,8,11,13,E11_0-S1,E11.0
dataset4,892,GCCGCAACTAGAGTAA-1,0,6,Primary_brain_1,2,6,12,E11_0-S1,E11.0
dataset4,893,CCGAGAATGCCATTCT-1,0,3,Mesenchyme,8,11,13,E11_0-S1,E11.0
dataset4,894,TCCTACCACTAAGAGA-1,0,3,Mesenchyme,8,11,12,E11_0-S1,E11.0
dataset4,895,CCAGTTCCGGTACTGC-1,6,0,Cartilage_2,6,11,5,E11_0-S1,E11.0
dataset4,896,AGAGCTATTCCGGCCT-1,0,3,Mesenchyme,8,12,13,E11_0-S1,E11.0
dataset4,897,ACTCAATAGATACGGA-1,0,3,Mesenchyme,8,12,13,E11_0-S1,E11.0
dataset4,898,TGAGTCTGACGGAGGC-1,9,6,Primary_brain_1,2,6,11,E11_0-S1,E11.0
dataset4,899,CTTGCGCCTTATCCGG-1,4,5,Muscle,5,13,5,E11_0-S1,E11.0
dataset4,900,ACTATGCAGCCATTCT-1,9,7,Primary_brain_2,12,1,11,E11_0-S1,E11.0
dataset4,901,TAGAATTACGACGCGA-1,6,3,Mesenchyme,8,13,4,E11_0-S1,E11.0
dataset4,902,GGCTGAGCTTATTCAT-1,6,0,Cartilage_2,6,9,5,E11_0-S1,E11.0
dataset4,903,CGAACGCCACTATGCA-1,6,0,Cartilage_2,6,10,5,E11_0-S1,E11.0
dataset4,904,AGAGCTATGCCGCAAC-1,6,0,Cartilage_2,6,10,5,E11_0-S1,E11.0
dataset4,905,ATAAGGAGAATTAAGA-1,6,0,Cartilage_2,6,10,5,E11_0-S1,E11.0
dataset4,906,CCAGTTCCTGCGGACC-1,0,3,Mesenchyme,8,12,13,E11_0-S1,E11.0
dataset4,907,AGAACGTCCGACGCGA-1,6,5,Muscle,5,13,5,E11_0-S1,E11.0
dataset4,908,ACTATGCATCCTACCA-1,9,6,Primary_brain_1,2,6,11,E11_0-S1,E11.0
dataset4,909,TTATTCATGCAGGTCC-1,9,7,Primary_brain_2,12,1,11,E11_0-S1,E11.0
dataset4,910,GGCTGAGCTTACCGAG-1,6,0,Cartilage_2,6,10,5,E11_0-S1,E11.0
dataset4,911,CCGAGAATCTGATGGT-1,9,3,Mesenchyme,8,11,13,E11_0-S1,E11.0
dataset4,912,AGAGAAGGCTAAGAGA-1,0,3,Mesenchyme,8,6,13,E11_0-S1,E11.0
dataset4,913,CTTGCGCCTAGAATTA-1,6,0,Cartilage_2,6,10,5,E11_0-S1,E11.0
dataset4,914,GCCATTCTTAGATCTA-1,6,0,Cartilage_2,6,10,5,E11_0-S1,E11.0
dataset4,915,GATCTTACTGAGTCTG-1,6,3,Mesenchyme,8,11,13,E11_0-S1,E11.0
dataset4,916,GCAGGTCCGCAGGTCC-1,6,0,Cartilage_2,6,11,5,E11_0-S1,E11.0
dataset4,917,ACCGCCAATAGATCTA-1,6,0,Cartilage_2,6,10,5,E11_0-S1,E11.0
dataset4,918,CTAAGAGAGCAGGTCC-1,9,6,Primary_brain_1,2,6,12,E11_0-S1,E11.0
dataset4,919,GGCTGAGCAGAACGTC-1,6,0,Cartilage_2,6,10,5,E11_0-S1,E11.0
dataset4,920,TAGATCTAGCAGGTCC-1,9,7,Primary_brain_2,12,1,11,E11_0-S1,E11.0
dataset4,921,ACTTAACCTCCTACCA-1,0,3,Mesenchyme,8,12,13,E11_0-S1,E11.0
dataset4,922,CCAGTTCCACTCAATA-1,6,3,Mesenchyme,8,12,13,E11_0-S1,E11.0
dataset4,923,GGCTGAGCCAACCGCT-1,6,0,Cartilage_2,6,10,5,E11_0-S1,E11.0
dataset4,924,CTAAGAGAAAGAAGCT-1,0,3,Mesenchyme,8,12,13,E11_0-S1,E11.0
dataset4,925,GGTACTGCTGGTCAGC-1,6,0,Cartilage_2,6,10,4,E11_0-S1,E11.0
dataset4,926,GACCTTGAATCATATT-1,6,0,Cartilage_2,6,10,5,E11_0-S1,E11.0
dataset4,927,GCTAACTTGCCATTCT-1,0,3,Mesenchyme,8,12,4,E11_0-S1,E11.0
dataset4,928,GCGTTGGATTGACTTC-1,6,3,Mesenchyme,8,11,5,E11_0-S1,E11.0
dataset4,929,CTAAGAGAGACCTTGA-1,9,6,Primary_brain_1,2,6,12,E11_0-S1,E11.0
dataset4,930,CGAACGCCTAGAGTAA-1,6,0,Cartilage_2,6,11,5,E11_0-S1,E11.0
dataset4,931,CCGATTCCTTATTCAT-1,6,0,Cartilage_2,6,10,5,E11_0-S1,E11.0
dataset4,932,AATTAAGAGCAGGTCC-1,9,7,Primary_brain_2,12,1,11,E11_0-S1,E11.0
dataset4,933,TCCGGCCTGGTACTGC-1,9,6,Primary_brain_1,2,6,11,E11_0-S1,E11.0
dataset4,934,TGCGGACCTCCTACCA-1,0,3,Mesenchyme,8,12,13,E11_0-S1,E11.0
dataset4,935,TGCGGACCGCGTTGGA-1,0,3,Mesenchyme,8,12,13,E11_0-S1,E11.0
dataset4,936,GACCTTGATTATCCGG-1,6,0,Cartilage_2,6,11,5,E11_0-S1,E11.0
dataset4,937,CAACCGCTCCGATTCC-1,9,6,Primary_brain_1,2,6,11,E11_0-S1,E11.0
dataset4,938,AGAACGTCTCTGATAC-1,4,5,Muscle,5,13,5,E11_0-S1,E11.0
dataset4,939,CTGATGGTCTAAGAGA-1,9,3,Mesenchyme,8,11,13,E11_0-S1,E11.0
dataset4,940,GGTACTGCGATACGGA-1,4,5,Muscle,5,13,5,E11_0-S1,E11.0
dataset4,941,ACTTAACCTAGAGTAA-1,6,0,Cartilage_2,6,11,5,E11_0-S1,E11.0
dataset4,942,CTAAGAGATGCGGACC-1,6,0,Cartilage_2,6,10,4,E11_0-S1,E11.0
dataset4,943,GCCATTCTCTGATGGT-1,6,0,Cartilage_2,6,10,5,E11_0-S1,E11.0
dataset4,944,ACCGCCAAAGAACGTC-1,6,0,Cartilage_2,6,10,5,E11_0-S1,E11.0
dataset4,945,GCGTTGGATCTGATAC-1,9,3,Mesenchyme,8,11,13,E11_0-S1,E11.0
dataset4,946,TTATTCATTAGAATTA-1,0,3,Mesenchyme,8,12,13,E11_0-S1,E11.0
dataset4,947,ACTATGCAACTCAATA-1,9,6,Primary_brain_1,2,6,11,E11_0-S1,E11.0
dataset4,948,CCGATTCCCTAAGAGA-1,6,3,Mesenchyme,8,12,13,E11_0-S1,E11.0
dataset4,949,TAGAGTAAGCGTTGGA-1,0,3,Mesenchyme,8,12,13,E11_0-S1,E11.0
dataset4,950,AATTAAGAACTCAATA-1,0,3,Mesenchyme,8,12,13,E11_0-S1,E11.0
dataset4,951,AATTAAGAGACCTTGA-1,0,3,Mesenchyme,8,11,13,E11_0-S1,E11.0
dataset4,952,TTATTCATCCGAGAAT-1,9,6,Primary_brain_1,2,6,11,E11_0-S1,E11.0
dataset4,953,AAGAAGCTCTGATGGT-1,0,3,Mesenchyme,8,12,13,E11_0-S1,E11.0
dataset4,954,AGAGCTATACTATGCA-1,6,3,Mesenchyme,8,11,13,E11_0-S1,E11.0
dataset4,955,ACCGCCAAAATTAAGA-1,6,0,Cartilage_2,6,10,5,E11_0-S1,E11.0
dataset4,956,TCCTACCACCGAGAAT-1,0,3,Mesenchyme,8,12,4,E11_0-S1,E11.0
dataset4,957,TAGAATTAGCCGCAAC-1,6,0,Cartilage_2,6,10,5,E11_0-S1,E11.0
dataset4,958,TTGACTTCGAAGATCG-1,0,3,Mesenchyme,8,12,13,E11_0-S1,E11.0
dataset4,959,CTGATGGTTAGAATTA-1,9,7,Primary_brain_2,12,1,13,E11_0-S1,E11.0
dataset4,960,CTGATGGTGAAGATCG-1,9,7,Primary_brain_2,12,1,11,E11_0-S1,E11.0
dataset4,961,CTGATGGTGATCTTAC-1,6,3,Mesenchyme,8,11,13,E11_0-S1,E11.0
dataset4,962,GCGTTGGACTTGCGCC-1,9,6,Primary_brain_1,2,6,12,E11_0-S1,E11.0
dataset4,963,ATCATATTTCGGCCTT-1,9,7,Primary_brain_2,12,1,11,E11_0-S1,E11.0
dataset4,964,CTTGCGCCCTAAGAGA-1,6,0,Cartilage_2,6,10,5,E11_0-S1,E11.0
dataset4,965,TTACCGAGACTCAATA-1,0,3,Mesenchyme,8,12,13,E11_0-S1,E11.0
dataset4,966,AGAACGTCAGAACGTC-1,6,0,Cartilage_2,6,10,5,E11_0-S1,E11.0
dataset4,967,GATCTTACTCTGATAC-1,9,7,Primary_brain_2,12,1,11,E11_0-S1,E11.0
dataset4,968,TTATCCGGTGAGTCTG-1,9,6,Primary_brain_1,2,6,11,E11_0-S1,E11.0
dataset4,969,TTACCGAGTAGAATTA-1,0,3,Mesenchyme,8,12,13,E11_0-S1,E11.0
dataset4,970,GCCGCAACGGTACTGC-1,0,3,Mesenchyme,8,11,13,E11_0-S1,E11.0
dataset4,971,TTATCCGGGACCTTGA-1,0,3,Mesenchyme,8,12,13,E11_0-S1,E11.0
dataset4,972,CCGATTCCACTATGCA-1,6,0,Cartilage_2,6,10,5,E11_0-S1,E11.0
dataset4,973,GACCTTGAAATTAAGA-1,6,0,Cartilage_2,6,9,4,E11_0-S1,E11.0
dataset4,974,CCAGTTCCACGGAGGC-1,0,3,Mesenchyme,8,12,13,E11_0-S1,E11.0
dataset4,975,TCCTACCATCTGATAC-1,0,3,Mesenchyme,8,12,13,E11_0-S1,E11.0
dataset4,976,CCGAGAATACTATGCA-1,9,7,Primary_brain_2,12,1,11,E11_0-S1,E11.0
dataset4,977,GACCTTGATAGAATTA-1,0,3,Mesenchyme,8,12,13,E11_0-S1,E11.0
dataset4,978,TCCTACCAAATTAAGA-1,0,3,Mesenchyme,8,12,13,E11_0-S1,E11.0
dataset4,979,TAGAGTAATGGTCAGC-1,6,0,Cartilage_2,6,10,5,E11_0-S1,E11.0
dataset4,980,AGAGCTATCTGATGGT-1,6,0,Cartilage_2,6,10,5,E11_0-S1,E11.0
dataset4,981,TCCGGCCTGCCATTCT-1,0,6,Primary_brain_1,2,6,11,E11_0-S1,E11.0
dataset4,982,TGAGTCTGTAGAGTAA-1,9,6,Primary_brain_1,2,6,12,E11_0-S1,E11.0
dataset4,983,GACCTTGATCTGATAC-1,6,0,Cartilage_2,6,11,5,E11_0-S1,E11.0
dataset4,984,GCGTTGGATGGTCAGC-1,0,3,Mesenchyme,8,12,13,E11_0-S1,E11.0
dataset4,985,TCGGCCTTTGGTCAGC-1,4,5,Muscle,5,13,5,E11_0-S1,E11.0
dataset4,986,TCGGCCTTTAGAGTAA-1,6,0,Cartilage_2,6,11,5,E11_0-S1,E11.0
dataset4,987,AGAACGTCCAACCGCT-1,6,0,Cartilage_2,6,11,5,E11_0-S1,E11.0
dataset4,988,ACTCAATAACCGCCAA-1,0,6,Primary_brain_1,2,6,12,E11_0-S1,E11.0
dataset4,989,ACCGCCAACCAGTTCC-1,6,0,Cartilage_2,6,10,5,E11_0-S1,E11.0
dataset4,990,CTGATGGTGATACGGA-1,9,7,Primary_brain_2,12,1,11,E11_0-S1,E11.0
dataset4,991,CGAACGCCTCGGCCTT-1,6,0,Cartilage_2,6,10,5,E11_0-S1,E11.0
dataset4,992,GCCATTCTACTCAATA-1,6,0,Cartilage_2,6,10,5,E11_0-S1,E11.0
dataset4,993,TCCTACCAAGAGCTAT-1,0,3,Mesenchyme,8,12,13,E11_0-S1,E11.0
dataset4,994,ACTATGCATTGACTTC-1,9,6,Primary_brain_1,2,6,11,E11_0-S1,E11.0
dataset4,995,GGTACTGCTAGAATTA-1,6,0,Cartilage_2,6,10,5,E11_0-S1,E11.0
dataset4,996,CCGAGAATTTATTCAT-1,9,7,Primary_brain_2,12,1,13,E11_0-S1,E11.0
dataset4,997,CGACGCGATAGAGTAA-1,9,7,Primary_brain_2,12,1,11,E11_0-S1,E11.0
dataset4,998,AGAGCTATTTATCCGG-1,6,3,Mesenchyme,8,11,13,E11_0-S1,E11.0
dataset4,999,GATCTTACACTCAATA-1,6,0,Cartilage_2,6,10,4,E11_0-S1,E11.0
dataset4,1000,TCCTACCATCCGGCCT-1,0,3,Mesenchyme,8,5,10,E11_0-S1,E11.0
dataset4,1001,CAACCGCTTTACCGAG-1,6,0,Cartilage_2,6,10,5,E11_0-S1,E11.0
dataset4,1002,AGAGCTATCCGAGAAT-1,6,0,Cartilage_2,6,10,5,E11_0-S1,E11.0
dataset4,1003,GGCTGAGCTAGATCTA-1,6,0,Cartilage_2,6,10,5,E11_0-S1,E11.0
dataset4,1004,TAGAGTAATTATCCGG-1,6,0,Cartilage_2,6,11,5,E11_0-S1,E11.0
dataset4,1005,CTAAGAGACTAAGAGA-1,6,0,Cartilage_2,6,11,5,E11_0-S1,E11.0
dataset4,1006,CTTGCGCCCTTGCGCC-1,6,0,Cartilage_2,6,10,5,E11_0-S1,E11.0
dataset4,1007,GACCTTGACTTGCGCC-1,6,0,Cartilage_2,6,10,5,E11_0-S1,E11.0
dataset4,1008,TGAGTCTGACTTAACC-1,9,6,Primary_brain_1,2,6,12,E11_0-S1,E11.0
dataset4,1009,CAACCGCTTAGAATTA-1,0,3,Mesenchyme,8,12,4,E11_0-S1,E11.0
dataset4,1010,GCCGCAACTGGTCAGC-1,9,6,Primary_brain_1,2,6,11,E11_0-S1,E11.0
dataset4,1011,TCGGCCTTCGACGCGA-1,6,0,Cartilage_2,6,11,5,E11_0-S1,E11.0
dataset4,1012,GGTACTGCGCCATTCT-1,6,0,Cartilage_2,6,10,5,E11_0-S1,E11.0
dataset4,1013,TGAGTCTGTTATTCAT-1,9,3,Mesenchyme,8,6,13,E11_0-S1,E11.0
dataset4,1014,CTTGCGCCGATACGGA-1,4,5,Muscle,5,13,5,E11_0-S1,E11.0
dataset4,1015,CCGAGAATTTGACTTC-1,6,3,Mesenchyme,8,12,13,E11_0-S1,E11.0
dataset4,1016,TCGGCCTTTTACCGAG-1,6,0,Cartilage_2,6,10,5,E11_0-S1,E11.0
dataset4,1017,ACTTAACCTAGAATTA-1,6,3,Mesenchyme,8,12,13,E11_0-S1,E11.0
dataset4,1018,AATTAAGATTGACTTC-1,0,3,Mesenchyme,8,12,13,E11_0-S1,E11.0
dataset4,1019,TTGACTTCTCTGATAC-1,6,3,Mesenchyme,8,11,13,E11_0-S1,E11.0
dataset4,1020,TAGAATTAGAAGATCG-1,6,3,Mesenchyme,8,11,4,E11_0-S1,E11.0
dataset4,1021,CTGATGGTCGACGCGA-1,9,7,Primary_brain_2,12,1,11,E11_0-S1,E11.0
dataset4,1022,TTGACTTCAGAGAAGG-1,0,3,Mesenchyme,8,12,13,E11_0-S1,E11.0
dataset4,1023,GGCTGAGCCCAGTTCC-1,4,5,Muscle,5,13,5,E11_0-S1,E11.0
dataset4,1024,TGGTCAGCAGAACGTC-1,9,7,Primary_brain_2,12,1,11,E11_0-S1,E11.0
dataset4,1025,CTAAGAGACGACGCGA-1,0,3,Mesenchyme,8,12,13,E11_0-S1,E11.0
dataset4,1026,CGAACGCCTTACCGAG-1,6,0,Cartilage_2,6,10,5,E11_0-S1,E11.0
dataset4,1027,CCGAGAATACTCAATA-1,6,3,Mesenchyme,8,11,13,E11_0-S1,E11.0
dataset4,1028,ATCATATTCAACCGCT-1,0,7,Primary_brain_2,12,1,11,E11_0-S1,E11.0
dataset4,1029,AGAGCTATGCGTTGGA-1,6,0,Cartilage_2,6,10,5,E11_0-S1,E11.0
dataset4,1030,CCGAGAATCTTGCGCC-1,9,6,Primary_brain_1,2,6,12,E11_0-S1,E11.0
dataset4,1031,TGAGTCTGGCCGCAAC-1,9,7,Primary_brain_2,12,1,11,E11_0-S1,E11.0
dataset4,1032,CCGATTCCAATTAAGA-1,6,0,Cartilage_2,6,10,5,E11_0-S1,E11.0
dataset4,1033,GGCTGAGCAATTAAGA-1,6,0,Cartilage_2,6,10,5,E11_0-S1,E11.0
dataset4,1034,AGAGCTATACTCAATA-1,6,0,Cartilage_2,6,10,5,E11_0-S1,E11.0
dataset4,1035,CTAAGAGAGGTACTGC-1,0,3,Mesenchyme,8,12,13,E11_0-S1,E11.0
dataset4,1036,GGCTGAGCCTAAGAGA-1,6,3,Mesenchyme,8,12,13,E11_0-S1,E11.0
dataset4,1037,CTGATGGTAGAACGTC-1,9,6,Primary_brain_1,2,6,12,E11_0-S1,E11.0
dataset4,1038,ACTTAACCTTACCGAG-1,6,0,Cartilage_2,6,10,5,E11_0-S1,E11.0
dataset4,1039,CGAACGCCACTTAACC-1,6,5,Muscle,5,13,5,E11_0-S1,E11.0
dataset4,1040,TGCCGGCACTAAGAGA-1,6,3,Mesenchyme,8,12,13,E11_0-S1,E11.0
dataset4,1041,ATAAGGAGACCGCCAA-1,4,5,Muscle,5,13,5,E11_0-S1,E11.0
dataset4,1042,AATTAAGAGGTACTGC-1,0,3,Mesenchyme,8,11,13,E11_0-S1,E11.0
dataset4,1043,GCTAACTTAGAGCTAT-1,0,3,Mesenchyme,8,12,13,E11_0-S1,E11.0
dataset4,1044,GATCTTACGCCGCAAC-1,6,3,Mesenchyme,8,11,13,E11_0-S1,E11.0
dataset4,1045,TTACCGAGGATCTTAC-1,9,7,Primary_brain_2,12,1,11,E11_0-S1,E11.0
dataset4,1046,TTACCGAGTCGGCCTT-1,9,7,Primary_brain_2,12,1,11,E11_0-S1,E11.0
dataset4,1047,GCCGCAACGATCTTAC-1,6,3,Mesenchyme,8,11,13,E11_0-S1,E11.0
dataset4,1048,CCAGTTCCTTATCCGG-1,6,0,Cartilage_2,6,11,5,E11_0-S1,E11.0
dataset4,1049,CAACCGCTTAGATCTA-1,0,3,Mesenchyme,8,12,4,E11_0-S1,E11.0
dataset4,1050,TGAGTCTGAGAGCTAT-1,0,3,Mesenchyme,8,12,13,E11_0-S1,E11.0
dataset4,1051,GGCTGAGCTCGGCCTT-1,6,0,Cartilage_2,6,10,5,E11_0-S1,E11.0
dataset4,1052,ACTATGCAGACCTTGA-1,9,7,Primary_brain_2,12,1,11,E11_0-S1,E11.0
dataset4,1053,ACCGCCAAACTCAATA-1,6,3,Mesenchyme,8,12,13,E11_0-S1,E11.0
dataset4,1054,CATACTCCACTCAATA-1,0,3,Mesenchyme,8,12,13,E11_0-S1,E11.0
dataset4,1055,CGAACGCCACCGCCAA-1,6,0,Cartilage_2,6,13,5,E11_0-S1,E11.0
dataset4,1056,ACGGAGGCGATCTTAC-1,9,7,Primary_brain_2,12,1,11,E11_0-S1,E11.0
dataset4,1057,CCAGTTCCTTGACTTC-1,6,3,Mesenchyme,8,12,13,E11_0-S1,E11.0
dataset4,1058,CCGATTCCTCGGCCTT-1,6,0,Cartilage_2,6,10,5,E11_0-S1,E11.0
dataset4,1059,ACCGCCAATAGAGTAA-1,6,0,Cartilage_2,6,10,5,E11_0-S1,E11.0
dataset4,1060,GATCTTACCGACGCGA-1,9,7,Primary_brain_2,12,1,11,E11_0-S1,E11.0
dataset4,1061,AGAGCTATTCGGCCTT-1,9,7,Primary_brain_2,12,1,10,E11_0-S1,E11.0
dataset4,1062,CTGATGGTACTCAATA-1,6,3,Mesenchyme,8,11,4,E11_0-S1,E11.0
dataset4,1063,TTGACTTCTGCCGGCA-1,9,7,Primary_brain_2,12,1,4,E11_0-S1,E11.0
dataset4,1064,ACCGCCAATCGGCCTT-1,6,0,Cartilage_2,6,10,5,E11_0-S1,E11.0
dataset4,1065,CCAGTTCCCTAAGAGA-1,0,3,Mesenchyme,8,12,13,E11_0-S1,E11.0
dataset4,1066,ACCGCCAAACCGCCAA-1,9,0,Cartilage_2,6,6,5,E11_0-S1,E11.0
dataset4,1067,CAACCGCTAATTAAGA-1,6,0,Cartilage_2,6,10,5,E11_0-S1,E11.0
dataset4,1068,TAGAATTAAGAGAAGG-1,0,3,Mesenchyme,8,12,13,E11_0-S1,E11.0
dataset4,1069,TTGACTTCTAGAATTA-1,6,0,Cartilage_2,6,10,4,E11_0-S1,E11.0
dataset4,1070,GCGTTGGAATCATATT-1,0,3,Mesenchyme,8,11,13,E11_0-S1,E11.0
dataset4,1071,GGTACTGCAAGAAGCT-1,0,3,Mesenchyme,8,11,13,E11_0-S1,E11.0
dataset4,1072,GACCTTGAGCAGGTCC-1,6,0,Cartilage_2,6,10,5,E11_0-S1,E11.0
dataset4,1073,GCCGCAACCCGAGAAT-1,9,7,Primary_brain_2,12,1,11,E11_0-S1,E11.0
dataset4,1074,TCCTACCATTACCGAG-1,0,3,Mesenchyme,8,12,4,E11_0-S1,E11.0
dataset4,1075,CCAGTTCCTAGATCTA-1,0,3,Mesenchyme,8,12,4,E11_0-S1,E11.0
dataset4,1076,TAGAATTAGATACGGA-1,6,5,Muscle,5,13,4,E11_0-S1,E11.0
dataset4,1077,AGAGCTATAGAGCTAT-1,6,0,Cartilage_2,6,10,5,E11_0-S1,E11.0
dataset4,1078,TCCGGCCTCTTGCGCC-1,9,6,Primary_brain_1,2,6,11,E11_0-S1,E11.0
dataset4,1079,AGAGCTATTGCGGACC-1,6,0,Cartilage_2,6,10,5,E11_0-S1,E11.0
dataset4,1080,TAGAATTAACTCAATA-1,6,0,Cartilage_2,6,10,5,E11_0-S1,E11.0
dataset4,1081,TAGAATTAGGTACTGC-1,6,0,Cartilage_2,6,10,5,E11_0-S1,E11.0
dataset4,1082,TAGAGTAAACTTAACC-1,9,6,Primary_brain_1,2,6,11,E11_0-S1,E11.0
dataset4,1083,TAGATCTAGACCTTGA-1,0,3,Mesenchyme,8,11,13,E11_0-S1,E11.0
dataset4,1084,ACTTAACCCTTGCGCC-1,6,0,Cartilage_2,6,10,5,E11_0-S1,E11.0
dataset4,1085,CTAAGAGAGATACGGA-1,0,3,Mesenchyme,8,12,13,E11_0-S1,E11.0
dataset4,1086,TTATCCGGGCGTTGGA-1,6,6,Primary_brain_1,2,6,11,E11_0-S1,E11.0
dataset4,1087,ACCGCCAATTGACTTC-1,6,3,Mesenchyme,8,12,13,E11_0-S1,E11.0
dataset4,1088,GCGTTGGAACTATGCA-1,0,3,Mesenchyme,8,13,13,E11_0-S1,E11.0
dataset4,1089,GCGTTGGAACGGAGGC-1,6,3,Mesenchyme,8,11,4,E11_0-S1,E11.0
dataset4,1090,ACCGCCAAATCATATT-1,6,0,Cartilage_2,6,10,5,E11_0-S1,E11.0
dataset4,1091,GCCGCAACGCAGGTCC-1,9,6,Primary_brain_1,2,6,12,E11_0-S1,E11.0
dataset4,1092,GGCTGAGCACCGCCAA-1,6,0,Cartilage_2,6,10,5,E11_0-S1,E11.0
dataset4,1093,CCGAGAATGCCGCAAC-1,9,2,Diencephalon_and_hindbrain,13,11,13,E11_0-S1,E11.0
dataset4,1094,TGAGTCTGTAGATCTA-1,9,3,Mesenchyme,8,6,13,E11_0-S1,E11.0
dataset4,1095,ACTTAACCAGAACGTC-1,6,0,Cartilage_2,6,10,5,E11_0-S1,E11.0
dataset4,1096,TCTGATACTCGGCCTT-1,9,6,Primary_brain_1,2,6,11,E11_0-S1,E11.0
dataset4,1097,TAGAGTAAGGCTGAGC-1,9,6,Primary_brain_1,2,6,11,E11_0-S1,E11.0
dataset4,1098,GGCTGAGCTAGAATTA-1,0,3,Mesenchyme,8,12,13,E11_0-S1,E11.0
dataset4,1099,ATCATATTGCGTTGGA-1,9,7,Primary_brain_2,12,1,11,E11_0-S1,E11.0
dataset4,1100,CCGAGAATTGAGTCTG-1,9,7,Primary_brain_2,12,1,11,E11_0-S1,E11.0
dataset4,1101,ACGGAGGCGCGTTGGA-1,0,3,Mesenchyme,8,13,13,E11_0-S1,E11.0
dataset4,1102,TCCTACCATAGAATTA-1,0,3,Mesenchyme,8,12,13,E11_0-S1,E11.0
dataset4,1103,TAGAGTAACTTGCGCC-1,6,0,Cartilage_2,6,10,5,E11_0-S1,E11.0
dataset4,1104,CCGATTCCCTTGCGCC-1,6,0,Cartilage_2,6,10,5,E11_0-S1,E11.0
dataset4,1105,TAGAATTAGCCATTCT-1,6,0,Cartilage_2,6,10,5,E11_0-S1,E11.0
dataset4,1106,AAGAAGCTTCGGCCTT-1,0,3,Mesenchyme,8,12,13,E11_0-S1,E11.0
dataset4,1107,ACGGAGGCGCCATTCT-1,0,2,Diencephalon_and_hindbrain,13,4,13,E11_0-S1,E11.0
dataset4,1108,TGGTCAGCCTTGCGCC-1,9,7,Primary_brain_2,12,1,11,E11_0-S1,E11.0
dataset4,1109,CCGATTCCACTCAATA-1,6,3,Mesenchyme,8,12,13,E11_0-S1,E11.0
dataset4,1110,TTACCGAGGACCTTGA-1,9,7,Primary_brain_2,12,1,11,E11_0-S1,E11.0
dataset4,1111,AGAACGTCTTATCCGG-1,4,5,Muscle,5,13,5,E11_0-S1,E11.0
dataset4,1112,ACCGCCAAGACCTTGA-1,6,0,Cartilage_2,6,10,5,E11_0-S1,E11.0
dataset4,1113,TGAGTCTGGCCATTCT-1,9,3,Mesenchyme,8,1,13,E11_0-S1,E11.0
dataset4,1114,TCCTACCAGATCTTAC-1,0,3,Mesenchyme,8,12,4,E11_0-S1,E11.0
dataset4,1115,GGCTGAGCGGTACTGC-1,6,0,Cartilage_2,6,10,5,E11_0-S1,E11.0
dataset4,1116,TAGAGTAATGCCGGCA-1,6,0,Cartilage_2,6,10,5,E11_0-S1,E11.0
dataset4,1117,CCGAGAATTTATCCGG-1,9,7,Primary_brain_2,12,1,11,E11_0-S1,E11.0
dataset4,1118,ACGGAGGCTTGACTTC-1,0,3,Mesenchyme,8,12,13,E11_0-S1,E11.0
dataset4,1119,CGACGCGAAGAACGTC-1,9,6,Primary_brain_1,2,6,11,E11_0-S1,E11.0
dataset4,1120,ATAAGGAGCAACCGCT-1,6,0,Cartilage_2,6,10,5,E11_0-S1,E11.0
dataset4,1121,TAGATCTACTGATGGT-1,9,7,Primary_brain_2,12,1,11,E11_0-S1,E11.0
dataset4,1122,CAACCGCTTTATCCGG-1,6,0,Cartilage_2,6,11,5,E11_0-S1,E11.0
dataset4,1123,CGAACGCCACGGAGGC-1,6,0,Cartilage_2,6,10,5,E11_0-S1,E11.0
dataset4,1124,GGTACTGCAGAGCTAT-1,6,0,Cartilage_2,6,10,5,E11_0-S1,E11.0
dataset4,1125,TTGACTTCCCGAGAAT-1,6,0,Cartilage_2,6,10,5,E11_0-S1,E11.0
dataset4,1126,ATCATATTGCCATTCT-1,0,3,Mesenchyme,8,12,13,E11_0-S1,E11.0
dataset4,1127,GACCTTGAGATACGGA-1,6,0,Cartilage_2,6,11,5,E11_0-S1,E11.0
dataset4,1128,CATACTCCCTAAGAGA-1,0,3,Mesenchyme,8,11,13,E11_0-S1,E11.0
dataset4,1129,TGAGTCTGCTTGCGCC-1,0,3,Mesenchyme,8,11,13,E11_0-S1,E11.0
dataset4,1130,TGAGTCTGTGCGGACC-1,9,6,Primary_brain_1,2,6,11,E11_0-S1,E11.0
dataset4,1131,GCCATTCTGCCATTCT-1,6,0,Cartilage_2,6,10,5,E11_0-S1,E11.0
dataset4,1132,CCGATTCCGACCTTGA-1,6,0,Cartilage_2,6,10,5,E11_0-S1,E11.0
dataset4,1133,AGAACGTCGCCATTCT-1,6,0,Cartilage_2,6,10,5,E11_0-S1,E11.0
dataset4,1134,CAACCGCTTCGGCCTT-1,6,0,Cartilage_2,6,10,5,E11_0-S1,E11.0
dataset4,1135,AGAGCTATCTTGCGCC-1,9,3,Mesenchyme,8,12,13,E11_0-S1,E11.0
dataset4,1136,TTATCCGGGCAGGTCC-1,9,6,Primary_brain_1,2,6,11,E11_0-S1,E11.0
dataset4,1137,TTGACTTCCTTGCGCC-1,6,3,Mesenchyme,8,11,13,E11_0-S1,E11.0
dataset4,1138,CTTGCGCCATCATATT-1,6,5,Muscle,5,10,5,E11_0-S1,E11.0
dataset4,1139,GCCGCAACTAGATCTA-1,9,7,Primary_brain_2,12,1,11,E11_0-S1,E11.0
dataset4,1140,GCCATTCTCAACCGCT-1,9,7,Primary_brain_2,12,1,11,E11_0-S1,E11.0
dataset4,1141,TTACCGAGGCAGGTCC-1,9,7,Primary_brain_2,12,1,11,E11_0-S1,E11.0
dataset4,1142,TAGAGTAAGATACGGA-1,6,0,Cartilage_2,6,11,5,E11_0-S1,E11.0
dataset4,1143,CCAGTTCCATCATATT-1,6,0,Cartilage_2,6,10,5,E11_0-S1,E11.0
dataset4,1144,TCGGCCTTAGAGCTAT-1,6,0,Cartilage_2,6,10,5,E11_0-S1,E11.0
dataset4,1145,TCGGCCTTTTATCCGG-1,6,5,Muscle,5,13,5,E11_0-S1,E11.0
dataset4,1146,GACCTTGAAGAACGTC-1,6,0,Cartilage_2,6,10,5,E11_0-S1,E11.0
dataset4,1147,CTAAGAGAACTCAATA-1,6,0,Cartilage_2,6,11,5,E11_0-S1,E11.0
dataset4,1148,ATAAGGAGATCATATT-1,6,0,Cartilage_2,6,10,5,E11_0-S1,E11.0
dataset4,1149,GCGTTGGACGACGCGA-1,3,3,Mesenchyme,8,11,13,E11_0-S1,E11.0
dataset4,1150,TTATTCATCTAAGAGA-1,0,3,Mesenchyme,8,12,13,E11_0-S1,E11.0
dataset4,1151,CCGATTCCCCGATTCC-1,9,0,Cartilage_2,6,11,5,E11_0-S1,E11.0
dataset4,1152,TTACCGAGGCGTTGGA-1,9,7,Primary_brain_2,12,1,11,E11_0-S1,E11.0
dataset4,1153,CAACCGCTACTATGCA-1,6,0,Cartilage_2,6,10,5,E11_0-S1,E11.0
dataset4,1154,CTAAGAGATCTGATAC-1,0,3,Mesenchyme,8,11,13,E11_0-S1,E11.0
dataset4,1155,CTTGCGCCGCAGGTCC-1,6,0,Cartilage_2,6,11,5,E11_0-S1,E11.0
dataset4,1156,TAGAATTAAATTAAGA-1,6,0,Cartilage_2,6,10,5,E11_0-S1,E11.0
dataset4,1157,AATTAAGAGCCATTCT-1,0,3,Mesenchyme,8,12,13,E11_0-S1,E11.0
dataset4,1158,ATCATATTTCCTACCA-1,9,7,Primary_brain_2,12,1,11,E11_0-S1,E11.0
dataset4,1159,TCCTACCAGCGTTGGA-1,0,3,Mesenchyme,8,12,4,E11_0-S1,E11.0
dataset4,1160,GGTACTGCTCGGCCTT-1,6,0,Cartilage_2,6,10,5,E11_0-S1,E11.0
dataset4,1161,GCCATTCTTGCGGACC-1,6,0,Cartilage_2,6,10,5,E11_0-S1,E11.0
dataset4,1162,TCTGATACGCCGCAAC-1,9,6,Primary_brain_1,2,6,11,E11_0-S1,E11.0
dataset4,1163,CGAACGCCTGAGTCTG-1,6,3,Mesenchyme,8,12,4,E11_0-S1,E11.0
dataset4,1164,CCAGTTCCCAACCGCT-1,6,0,Cartilage_2,6,10,5,E11_0-S1,E11.0
dataset4,1165,TAGATCTATCCTACCA-1,0,3,Mesenchyme,8,12,13,E11_0-S1,E11.0
dataset4,1166,ACGGAGGCCAACCGCT-1,0,3,Mesenchyme,8,12,13,E11_0-S1,E11.0
dataset4,1167,ACCGCCAACGAACGCC-1,0,0,Cartilage_2,6,12,5,E11_0-S1,E11.0
dataset4,1168,GGCTGAGCACTTAACC-1,4,5,Muscle,5,13,5,E11_0-S1,E11.0
dataset4,1169,TTATTCATCTGATGGT-1,9,7,Primary_brain_2,12,1,11,E11_0-S1,E11.0
dataset4,1170,GGTACTGCCGACGCGA-1,6,5,Muscle,5,13,5,E11_0-S1,E11.0
dataset4,1171,AGAACGTCGAAGATCG-1,0,5,Muscle,5,13,5,E11_0-S1,E11.0
dataset4,1172,AGAGCTATGACCTTGA-1,9,6,Primary_brain_1,2,6,12,E11_0-S1,E11.0
dataset4,1173,CAACCGCTAGAACGTC-1,6,0,Cartilage_2,6,10,5,E11_0-S1,E11.0
dataset4,1174,GCAGGTCCAAGAAGCT-1,6,0,Cartilage_2,6,11,5,E11_0-S1,E11.0
dataset4,1175,TAGATCTATTGACTTC-1,0,3,Mesenchyme,8,12,13,E11_0-S1,E11.0
dataset4,1176,GGTACTGCACTCAATA-1,6,0,Cartilage_2,6,10,5,E11_0-S1,E11.0
dataset4,1177,ACTCAATAGATCTTAC-1,0,3,Mesenchyme,8,12,13,E11_0-S1,E11.0
dataset4,1178,CCAGTTCCTTACCGAG-1,6,0,Cartilage_2,6,10,5,E11_0-S1,E11.0
dataset4,1179,CCAGTTCCGGCTGAGC-1,9,0,Cartilage_2,6,6,13,E11_0-S1,E11.0
dataset4,1180,GCCATTCTTGCCGGCA-1,6,0,Cartilage_2,6,11,4,E11_0-S1,E11.0
dataset4,1181,GCGTTGGAAGAGCTAT-1,9,6,Primary_brain_1,2,10,12,E11_0-S1,E11.0
dataset4,1182,AAGAAGCTGCCGCAAC-1,0,3,Mesenchyme,8,12,13,E11_0-S1,E11.0
dataset4,1183,TGGTCAGCTCCTACCA-1,9,6,Primary_brain_1,2,6,11,E11_0-S1,E11.0
dataset4,1184,CTGATGGTTTACCGAG-1,9,7,Primary_brain_2,12,1,11,E11_0-S1,E11.0
dataset4,1185,CGAACGCCCGAACGCC-1,6,0,Cartilage_2,6,12,5,E11_0-S1,E11.0
dataset4,1186,AGAACGTCAAGAAGCT-1,0,3,Mesenchyme,8,12,13,E11_0-S1,E11.0
dataset4,1187,CAACCGCTGCAGGTCC-1,6,0,Cartilage_2,6,10,5,E11_0-S1,E11.0
dataset4,1188,TTATTCATTCCTACCA-1,0,3,Mesenchyme,8,12,13,E11_0-S1,E11.0
dataset4,1189,CAACCGCTACCGCCAA-1,9,6,Primary_brain_1,2,6,11,E11_0-S1,E11.0
dataset4,1190,TAGATCTAAGAGCTAT-1,0,3,Mesenchyme,8,12,13,E11_0-S1,E11.0
dataset4,1191,GCGTTGGAACCGCCAA-1,9,6,Primary_brain_1,2,6,12,E11_0-S1,E11.0
dataset4,1192,CCGAGAATGATCTTAC-1,6,3,Mesenchyme,8,11,13,E11_0-S1,E11.0
dataset4,1193,GCCGCAACCAACCGCT-1,0,6,Primary_brain_1,2,6,12,E11_0-S1,E11.0
dataset4,1194,GCGTTGGAGCGTTGGA-1,6,3,Mesenchyme,8,10,4,E11_0-S1,E11.0
dataset4,1195,TGAGTCTGACTATGCA-1,9,6,Primary_brain_1,2,6,13,E11_0-S1,E11.0
dataset4,1196,ACTTAACCTGGTCAGC-1,6,0,Cartilage_2,6,10,5,E11_0-S1,E11.0
dataset4,1197,GCGTTGGATAGAATTA-1,6,3,Mesenchyme,8,11,13,E11_0-S1,E11.0
dataset4,1198,ACTCAATAAATTAAGA-1,0,0,Cartilage_2,6,12,13,E11_0-S1,E11.0
dataset4,1199,GCGTTGGATTATCCGG-1,9,3,Mesenchyme,8,11,13,E11_0-S1,E11.0
dataset4,1200,TCCTACCAGCCGCAAC-1,0,3,Mesenchyme,8,12,4,E11_0-S1,E11.0
dataset4,1201,AGAGAAGGCTGATGGT-1,6,6,Primary_brain_1,2,6,11,E11_0-S1,E11.0
dataset4,1202,GACCTTGAAGAGCTAT-1,0,3,Mesenchyme,8,12,13,E11_0-S1,E11.0
dataset4,1203,AATTAAGAAGAACGTC-1,9,7,Primary_brain_2,12,1,11,E11_0-S1,E11.0
dataset4,1204,GGTACTGCTGAGTCTG-1,6,0,Cartilage_2,6,10,5,E11_0-S1,E11.0
dataset4,1205,GCCATTCTTTATCCGG-1,6,3,Mesenchyme,8,11,4,E11_0-S1,E11.0
dataset4,1206,CTTGCGCCCAACCGCT-1,6,0,Cartilage_2,6,11,5,E11_0-S1,E11.0
dataset4,1207,TCGGCCTTGATACGGA-1,6,5,Muscle,5,13,5,E11_0-S1,E11.0
dataset4,1208,CCGAGAATGAAGATCG-1,9,7,Primary_brain_2,12,1,11,E11_0-S1,E11.0
dataset4,1209,CTAAGAGAAGAGCTAT-1,6,0,Cartilage_2,6,11,5,E11_0-S1,E11.0
dataset4,1210,AGAGCTATGATCTTAC-1,6,0,Cartilage_2,6,10,5,E11_0-S1,E11.0
dataset4,1211,CCGAGAATCGACGCGA-1,9,7,Primary_brain_2,12,1,11,E11_0-S1,E11.0
dataset4,1212,GACCTTGACCGATTCC-1,9,6,Primary_brain_1,2,6,11,E11_0-S1,E11.0
dataset4,1213,TCGGCCTTGCAGGTCC-1,6,0,Cartilage_2,6,10,5,E11_0-S1,E11.0
dataset4,1214,TGCCGGCACTGATGGT-1,9,7,Primary_brain_2,12,1,11,E11_0-S1,E11.0
dataset4,1215,ACTATGCAGCAGGTCC-1,9,7,Primary_brain_2,12,1,11,E11_0-S1,E11.0
dataset4,1216,TTGACTTCGATACGGA-1,6,3,Mesenchyme,8,11,13,E11_0-S1,E11.0
dataset4,1217,TGCGGACCCTTGCGCC-1,9,7,Primary_brain_2,12,1,11,E11_0-S1,E11.0
dataset4,1218,ACTCAATACTGATGGT-1,0,3,Mesenchyme,8,12,4,E11_0-S1,E11.0
dataset4,1219,GAAGATCGGCGTTGGA-1,0,3,Mesenchyme,8,6,13,E11_0-S1,E11.0
dataset4,1220,GCGTTGGAGAAGATCG-1,0,3,Mesenchyme,8,12,13,E11_0-S1,E11.0
dataset4,1221,CCGAGAATGCAGGTCC-1,0,6,Primary_brain_1,2,6,13,E11_0-S1,E11.0
dataset4,1222,ACTCAATATGCCGGCA-1,0,3,Mesenchyme,8,12,4,E11_0-S1,E11.0
dataset4,1223,ACTCAATATCGGCCTT-1,0,6,Primary_brain_1,2,6,13,E11_0-S1,E11.0
dataset4,1224,AGAGCTATGCCATTCT-1,6,0,Cartilage_2,6,10,4,E11_0-S1,E11.0
dataset4,1225,TAGAGTAACAACCGCT-1,9,6,Primary_brain_1,2,6,11,E11_0-S1,E11.0
dataset4,1226,TGGTCAGCAGAGCTAT-1,9,7,Primary_brain_2,12,1,11,E11_0-S1,E11.0
dataset4,1227,CAACCGCTGACCTTGA-1,6,3,Mesenchyme,8,11,4,E11_0-S1,E11.0
dataset4,1228,ACTCAATACCAGTTCC-1,0,6,Primary_brain_1,2,6,12,E11_0-S1,E11.0
dataset4,1229,TCCTACCAACTCAATA-1,0,3,Mesenchyme,8,9,4,E11_0-S1,E11.0
dataset4,1230,AGAGAAGGTAGAATTA-1,9,6,Primary_brain_1,2,6,11,E11_0-S1,E11.0
dataset4,1231,GGTACTGCCTTGCGCC-1,6,0,Cartilage_2,6,10,5,E11_0-S1,E11.0
dataset4,1232,GCCGCAACTTGACTTC-1,0,3,Mesenchyme,8,12,13,E11_0-S1,E11.0
dataset4,1233,TTATTCATTAGAGTAA-1,9,7,Primary_brain_2,12,1,11,E11_0-S1,E11.0
dataset4,1234,TGCGGACCGATCTTAC-1,9,7,Primary_brain_2,12,1,11,E11_0-S1,E11.0
dataset4,1235,GCAGGTCCTAGATCTA-1,0,3,Mesenchyme,8,12,13,E11_0-S1,E11.0
dataset4,1236,GCGTTGGATCGGCCTT-1,9,6,Primary_brain_1,2,6,12,E11_0-S1,E11.0
dataset4,1237,CCAGTTCCACCGCCAA-1,9,0,Cartilage_2,6,6,4,E11_0-S1,E11.0
dataset4,1238,TGGTCAGCACTCAATA-1,9,6,Primary_brain_1,2,6,11,E11_0-S1,E11.0
dataset4,1239,TTGACTTCAGAACGTC-1,0,3,Mesenchyme,8,10,13,E11_0-S1,E11.0
dataset4,1240,ACTTAACCTTATTCAT-1,6,0,Cartilage_2,6,10,5,E11_0-S1,E11.0
dataset4,1241,GATCTTACACTATGCA-1,9,7,Primary_brain_2,12,1,10,E11_0-S1,E11.0
dataset4,1242,GCTAACTTGGTACTGC-1,0,2,Diencephalon_and_hindbrain,13,12,13,E11_0-S1,E11.0
dataset4,1243,TGCGGACCGCCGCAAC-1,9,6,Primary_brain_1,2,6,11,E11_0-S1,E11.0
dataset4,1244,GCGTTGGAACTTAACC-1,0,6,Primary_brain_1,2,6,12,E11_0-S1,E11.0
dataset4,1245,CTTGCGCCAGAACGTC-1,6,0,Cartilage_2,6,10,5,E11_0-S1,E11.0
dataset4,1246,AAGAAGCTGATCTTAC-1,0,3,Mesenchyme,8,6,13,E11_0-S1,E11.0
dataset4,1247,TGCCGGCAGATCTTAC-1,9,7,Primary_brain_2,12,1,11,E11_0-S1,E11.0
dataset4,1248,GACCTTGATCGGCCTT-1,6,0,Cartilage_2,6,10,5,E11_0-S1,E11.0
dataset4,1249,CTGATGGTCCGAGAAT-1,6,3,Mesenchyme,8,11,13,E11_0-S1,E11.0
dataset4,1250,CCGATTCCCAACCGCT-1,6,0,Cartilage_2,6,10,5,E11_0-S1,E11.0
dataset4,1251,GCCATTCTACTATGCA-1,0,3,Mesenchyme,8,11,4,E11_0-S1,E11.0
dataset4,1252,ACTATGCACTTGCGCC-1,9,7,Primary_brain_2,12,1,11,E11_0-S1,E11.0
dataset4,1253,TTGACTTCAAGAAGCT-1,0,3,Mesenchyme,8,12,13,E11_0-S1,E11.0
dataset4,1254,ACTCAATAATCATATT-1,0,3,Mesenchyme,8,12,13,E11_0-S1,E11.0
dataset4,1255,GCGTTGGATGCGGACC-1,6,3,Mesenchyme,8,11,4,E11_0-S1,E11.0
dataset4,1256,TGAGTCTGCTGATGGT-1,9,7,Primary_brain_2,12,1,11,E11_0-S1,E11.0
dataset4,1257,TGCGGACCTAGAATTA-1,9,7,Primary_brain_2,12,1,11,E11_0-S1,E11.0
dataset4,1258,CTAAGAGAAATTAAGA-1,6,0,Cartilage_2,6,10,5,E11_0-S1,E11.0
dataset4,1259,CTTGCGCCAATTAAGA-1,6,0,Cartilage_2,6,10,5,E11_0-S1,E11.0
dataset4,1260,GCAGGTCCTCTGATAC-1,6,0,Cartilage_2,6,11,5,E11_0-S1,E11.0
dataset4,1261,TGCCGGCATAGAATTA-1,0,3,Mesenchyme,8,12,13,E11_0-S1,E11.0
dataset4,1262,GCGTTGGACCGAGAAT-1,6,3,Mesenchyme,8,10,5,E11_0-S1,E11.0
